calories,carbs,fat,fiber,protein_target,sugar_target,sodium_target,age,has_weight_gain,has_hypertension,has_heart_disease,has_kidney_disease,has_diabetes,has_weight_loss,has_acne,label
2020,250,60,30.0,120,125.0,24.0,25,1,0,0,0,0,0,0,safe
1480,200,40,24.0,80,100.0,16.0,32,1,1,1,0,0,0,0,safe
2185,300,65,36.0,100,150.0,20.0,48,1,0,0,0,0,0,0,safe
2680,350,80,42.0,140,175.0,28.0,55,1,0,0,0,0,0,0,safe
1815,250,55,30.0,80,125.0,16.0,62,1,0,0,0,0,0,0,safe
1565,220,45,26.4,70,110.0,14.0,68,1,1,1,1,0,0,0,caution
2840,350,80,42.0,180,175.0,36.0,28,1,0,0,0,0,0,0,safe
2220,300,60,36.0,120,150.0,24.0,35,1,0,0,0,0,0,0,safe
3005,400,85,48.0,160,200.0,32.0,42,1,0,0,0,0,0,0,safe
1670,230,50,27.6,75,115.0,15.0,58,1,0,0,1,0,0,0,safe
2020,250,60,30.0,120,125.0,24.0,25,1,0,0,0,0,0,0,safe
2230,300,70,36.0,100,150.0,20.0,32,1,0,0,0,0,0,0,safe
2520,350,80,42.0,100,175.0,20.0,48,1,0,0,0,0,0,0,safe
1650,200,50,24.0,100,100.0,20.0,55,1,0,0,0,0,0,0,safe
3100,400,100,48.0,150,200.0,30.0,62,1,0,0,0,0,0,0,safe
1940,250,60,30.0,100,125.0,20.0,28,1,0,0,0,0,0,0,safe
2520,300,80,36.0,150,150.0,30.0,35,1,0,0,0,0,0,0,safe
2230,300,70,36.0,100,150.0,20.0,40,1,0,0,0,0,0,0,safe
2850,350,90,42.0,160,175.0,32.0,22,1,0,0,0,0,0,0,safe
1400,180,40,21.6,80,90.0,16.0,58,1,1,1,0,0,0,0,safe
1850,250,50,30.0,100,125.0,20.0,24,1,0,0,0,0,0,0,safe
2760,350,80,42.0,160,175.0,32.0,38,1,0,0,0,0,0,0,safe
1480,200,40,24.0,80,100.0,16.0,55,1,1,1,0,0,0,0,safe
2140,280,60,33.6,120,140.0,24.0,62,1,0,0,0,0,0,0,safe
2470,320,70,38.4,140,160.0,28.0,28,1,0,0,0,0,0,0,safe
1890,250,50,30.0,110,125.0,22.0,45,1,0,0,0,0,0,0,safe
1315,180,35,21.6,70,90.0,14.0,68,1,1,1,1,0,0,0,caution
3130,400,90,48.0,180,200.0,36.0,32,1,0,0,0,0,0,0,safe
1810,240,50,28.8,100,120.0,20.0,58,1,0,0,0,0,0,0,safe
1480,200,40,24.0,80,100.0,16.0,22,1,1,1,0,0,0,0,safe
1660,200,60,24.0,80,100.0,16.0,25,1,0,0,0,0,0,0,safe
2320,250,80,30.0,150,125.0,30.0,38,1,0,0,0,0,0,0,safe
1430,180,50,21.6,65,90.0,13.0,55,1,0,0,1,0,0,0,safe
2900,300,100,36.0,200,150.0,40.0,42,1,0,0,0,0,0,0,safe
1180,150,40,18.0,55,75.0,11.0,62,1,1,1,1,0,0,0,caution
2030,220,70,26.4,130,110.0,26.0,28,1,0,0,0,0,0,0,safe
1490,190,50,22.8,70,95.0,14.0,31,1,0,0,1,0,0,0,safe
1990,240,70,28.8,100,120.0,20.0,58,1,0,0,0,0,0,0,safe
1780,200,60,24.0,110,100.0,22.0,22,1,0,0,0,0,0,0,safe
1780,220,60,26.4,90,110.0,18.0,45,1,0,0,0,0,0,0,safe
2020,250,60,30.0,120,125.0,24.0,25,1,0,0,0,0,0,0,safe
1740,200,60,24.0,100,100.0,20.0,32,1,0,0,0,0,0,0,safe
1770,250,50,30.0,80,125.0,16.0,55,1,0,0,0,0,0,0,safe
1490,180,50,21.6,80,90.0,16.0,68,1,0,0,0,0,0,0,safe
2760,350,80,42.0,160,175.0,32.0,28,1,0,0,0,0,0,0,safe
1570,200,50,24.0,80,100.0,16.0,38,1,0,0,0,0,0,0,safe
1940,270,60,32.4,80,135.0,16.0,62,1,0,0,0,0,0,0,safe
2230,280,70,33.6,120,140.0,24.0,45,1,0,0,0,0,0,0,safe
1570,200,50,24.0,80,100.0,16.0,22,1,0,0,0,0,0,0,safe
1770,250,50,30.0,80,125.0,16.0,58,1,0,0,0,0,0,0,safe
2065,250,65,30.0,120,125.0,24.0,25,1,0,0,0,0,0,0,safe
2230,300,70,36.0,100,150.0,20.0,32,1,0,0,0,0,0,0,safe
2810,350,90,42.0,150,175.0,30.0,48,1,0,0,0,0,0,0,safe
1570,200,50,24.0,80,100.0,16.0,55,1,0,0,0,0,0,0,safe
2640,350,80,42.0,130,175.0,26.0,28,1,0,0,0,0,0,0,safe
1780,220,60,26.4,90,110.0,18.0,62,1,0,0,0,0,0,0,safe
2395,320,75,38.4,110,160.0,22.0,35,1,0,0,0,0,0,0,safe
2065,270,65,32.4,100,135.0,20.0,22,1,0,0,0,0,0,0,safe
2355,300,75,36.0,120,150.0,24.0,58,1,0,0,0,0,0,0,safe
1945,250,65,30.0,90,125.0,18.0,40,1,0,0,0,0,0,0,safe
2760,350,80,42.0,160,175.0,32.0,25,1,0,0,0,0,0,0,safe
1730,220,50,26.4,100,110.0,20.0,32,1,0,0,0,0,0,0,safe
2020,250,60,30.0,120,125.0,24.0,55,1,0,0,0,0,0,0,safe
2390,300,70,36.0,140,150.0,28.0,28,1,0,0,0,0,0,0,safe
1400,180,40,21.6,80,90.0,16.0,62,1,1,1,0,0,0,0,safe
3130,400,90,48.0,180,200.0,36.0,21,1,0,0,0,0,0,0,safe
1320,160,40,19.2,80,80.0,16.0,35,1,1,1,0,0,0,0,safe
1530,190,50,22.8,80,95.0,16.0,68,1,0,0,0,0,0,0,safe
1740,200,60,24.0,100,100.0,20.0,25,1,0,0,0,0,0,0,safe
2640,300,80,36.0,180,150.0,36.0,32,1,0,0,0,0,0,0,safe
1830,220,70,26.4,80,110.0,16.0,48,1,0,0,0,0,0,0,safe
2390,280,70,33.6,160,140.0,32.0,55,1,0,0,0,0,0,0,safe
1490,180,50,21.6,80,90.0,16.0,62,1,0,0,0,0,0,0,safe
3010,350,90,42.0,200,175.0,40.0,28,1,0,0,0,0,0,0,safe
1410,170,50,20.4,70,85.0,14.0,35,1,0,0,1,0,0,0,safe
2270,260,70,31.2,150,130.0,30.0,42,1,0,0,0,0,0,0,safe
1660,190,60,22.8,90,95.0,18.0,21,1,0,0,0,0,0,0,safe
1830,230,70,27.6,70,115.0,14.0,58,1,0,0,1,0,0,0,safe
2020,250,60,30.0,120,125.0,24.0,25,1,0,0,0,0,0,0,safe
1740,220,60,26.4,80,110.0,16.0,38,1,0,0,0,0,0,0,safe
2640,300,80,36.0,180,150.0,36.0,62,1,0,0,0,0,0,0,safe
2060,280,60,33.6,100,140.0,20.0,45,1,0,0,0,0,0,0,safe
2110,270,70,32.4,100,135.0,20.0,58,1,0,0,0,0,0,0,safe
1940,250,60,30.0,100,125.0,20.0,22,1,0,0,0,0,0,0,safe
1740,220,60,26.4,80,110.0,16.0,68,1,0,0,0,0,0,0,safe
2400,300,80,36.0,120,150.0,24.0,30,1,0,0,0,0,0,0,safe
1780,230,60,27.6,80,115.0,16.0,55,1,0,0,0,0,0,0,safe
2940,350,100,42.0,160,175.0,32.0,28,1,0,0,0,0,0,0,safe
1740,200,60,24.0,100,100.0,20.0,25,1,0,0,0,0,0,0,safe
2840,350,80,42.0,180,175.0,36.0,32,1,0,0,0,0,0,0,safe
1490,180,50,21.6,80,90.0,16.0,55,1,0,0,0,0,0,0,safe
3050,400,90,48.0,160,200.0,32.0,40,1,0,0,0,0,0,0,safe
2310,280,70,33.6,140,140.0,28.0,62,1,0,0,0,0,0,0,safe
1280,160,40,19.2,70,80.0,14.0,28,1,1,1,1,0,0,0,caution
1780,220,60,26.4,90,110.0,18.0,38,1,0,0,0,0,0,0,safe
2720,350,80,42.0,150,175.0,30.0,58,1,0,0,0,0,0,0,safe
2920,380,80,45.6,170,190.0,34.0,22,1,0,0,0,0,0,0,safe
1530,190,50,22.8,80,95.0,16.0,45,1,0,0,0,0,0,0,safe
1550,200,50,24.0,75,100.0,15.0,28,1,0,0,1,0,0,0,safe
2190,300,70,36.0,90,150.0,18.0,55,1,0,0,0,0,0,0,safe
2340,350,60,42.0,100,175.0,20.0,32,1,0,0,0,0,0,0,safe
1815,250,55,30.0,80,125.0,16.0,22,1,0,0,0,0,0,0,safe
1610,220,50,26.4,70,110.0,14.0,62,1,0,0,1,0,0,0,safe
2720,380,80,45.6,120,190.0,24.0,25,1,0,0,0,0,0,0,safe
1815,250,55,30.0,80,125.0,16.0,40,1,0,0,0,0,0,0,safe
2045,280,65,33.6,85,140.0,17.0,38,1,0,0,0,0,0,0,safe
2100,300,60,36.0,90,150.0,18.0,20,1,0,0,0,0,0,0,safe
2150,300,70,36.0,80,150.0,16.0,58,1,0,0,0,0,0,0,safe
2140,250,60,30.0,150,125.0,30.0,25,1,0,0,0,0,0,0,safe
1650,200,50,24.0,100,100.0,20.0,38,1,0,0,0,0,0,0,safe
1640,200,40,24.0,120,100.0,24.0,55,1,1,1,0,0,0,0,safe
1400,180,40,21.6,80,90.0,16.0,62,1,1,1,0,0,0,0,safe
2640,300,80,36.0,180,150.0,36.0,28,1,0,0,0,0,0,0,safe
1890,220,50,26.4,140,110.0,28.0,32,1,0,0,0,0,0,0,safe
1480,180,40,21.6,100,90.0,20.0,68,1,1,1,0,0,0,0,safe
2350,280,70,33.6,150,140.0,30.0,45,1,0,0,0,0,0,0,safe
1190,160,30,19.2,70,80.0,14.0,72,0,1,1,1,0,0,0,caution
2300,280,60,33.6,160,140.0,32.0,21,1,0,0,0,0,0,0,safe
2020,250,60,30.0,120,125.0,24.0,25,1,0,0,0,0,0,0,safe
1740,200,60,24.0,100,100.0,20.0,30,1,0,0,0,0,0,0,safe
1530,180,50,21.6,90,90.0,18.0,55,1,0,0,0,0,0,0,safe
2350,300,70,36.0,130,150.0,26.0,22,1,0,0,0,0,0,0,safe
1280,160,40,19.2,70,80.0,14.0,60,1,1,1,1,0,0,0,caution
2720,350,80,42.0,150,175.0,30.0,28,1,0,0,0,0,0,0,safe
1530,180,50,21.6,90,90.0,18.0,35,1,0,0,0,0,0,0,safe
1860,220,60,26.4,110,110.0,22.0,48,1,0,0,0,0,0,0,safe
1240,150,40,18.0,70,75.0,14.0,65,1,1,1,1,0,0,0,caution
2140,280,60,33.6,120,140.0,24.0,19,1,0,0,0,0,0,0,safe
2020,250,60,30.0,120,125.0,24.0,25,1,0,0,0,0,0,0,safe
1650,220,50,26.4,80,110.0,16.0,38,1,0,0,0,0,0,0,safe
1545,200,45,24.0,85,100.0,17.0,55,1,1,1,0,0,0,0,safe
2475,300,75,36.0,150,150.0,30.0,22,1,0,0,0,0,0,0,safe
1380,180,40,21.6,75,90.0,15.0,62,1,1,1,1,0,0,0,caution
2930,350,90,42.0,180,175.0,36.0,30,1,0,0,0,0,0,0,safe
1405,180,45,21.6,70,90.0,14.0,28,1,1,1,1,0,0,0,caution
2270,280,70,33.6,130,140.0,26.0,40,1,0,0,0,0,0,0,safe
1550,200,50,24.0,75,100.0,15.0,21,1,0,0,1,0,0,0,safe
1570,200,50,24.0,80,100.0,16.0,58,1,0,0,0,0,0,0,safe
1650,200,50,24.0,100,100.0,20.0,25,1,0,0,0,0,0,0,safe
2430,300,70,36.0,150,150.0,30.0,32,1,0,0,0,0,0,0,safe
1280,150,40,18.0,80,75.0,16.0,55,1,1,1,0,0,0,0,safe
2020,250,60,30.0,120,125.0,24.0,40,1,0,0,0,0,0,0,safe
1115,130,35,15.6,70,65.0,14.0,68,1,1,1,1,1,0,1,avoid
2840,350,80,42.0,180,175.0,36.0,28,1,0,0,0,0,0,0,safe
1655,200,55,24.0,90,100.0,18.0,35,1,0,0,0,0,0,0,safe
2560,300,80,36.0,160,150.0,32.0,52,1,0,0,0,0,0,0,safe
1400,180,40,21.6,80,90.0,16.0,22,1,1,1,0,0,0,0,safe
1900,230,60,27.6,110,115.0,22.0,47,1,0,0,0,0,0,0,safe
1740,200,60,24.0,100,100.0,20.0,28,1,0,0,0,0,0,0,safe
2320,300,80,36.0,100,150.0,20.0,35,1,0,0,0,0,0,0,safe
1260,150,40,18.0,75,75.0,15.0,55,1,1,1,1,0,0,0,caution
2110,250,70,30.0,120,125.0,24.0,62,1,0,0,0,0,0,0,safe
2520,300,80,36.0,150,150.0,30.0,22,1,0,0,0,0,0,0,safe
2690,350,90,42.0,120,175.0,24.0,40,1,0,0,0,0,0,0,safe
1660,200,60,24.0,80,100.0,16.0,68,1,0,0,0,0,0,0,safe
1490,180,50,21.6,80,90.0,16.0,70,1,0,0,0,0,0,0,safe
2030,250,70,30.0,100,125.0,20.0,33,1,0,0,0,0,0,0,safe
2400,300,80,36.0,120,150.0,24.0,25,1,0,0,0,0,0,0,safe
1820,200,60,24.0,120,100.0,24.0,25,1,0,0,0,0,0,0,safe
1770,250,50,30.0,80,125.0,16.0,55,1,0,0,0,0,0,0,safe
2760,350,80,42.0,160,175.0,32.0,32,1,0,0,0,0,0,0,safe
1360,180,40,21.6,70,90.0,14.0,68,1,1,1,1,0,0,0,caution
2070,220,70,26.4,140,110.0,28.0,42,1,0,0,0,0,0,0,safe
1400,200,40,24.0,60,100.0,12.0,58,1,1,1,1,0,0,0,caution
1570,180,50,21.6,100,90.0,20.0,35,1,0,0,0,0,0,0,safe
1480,210,40,25.2,70,105.0,14.0,72,1,1,1,1,0,0,0,caution
1690,230,50,27.6,80,115.0,16.0,48,1,0,0,0,0,0,0,safe
2230,250,70,30.0,150,125.0,30.0,25,1,0,0,0,0,0,0,safe
1660,200,60,24.0,80,100.0,16.0,32,1,0,0,0,0,0,0,safe
1805,220,65,26.4,85,110.0,17.0,55,1,0,0,0,0,0,0,safe
3100,350,100,42.0,200,175.0,40.0,40,1,0,0,0,0,0,0,safe
2400,280,80,33.6,140,140.0,28.0,28,1,0,0,0,0,0,0,safe
2030,240,70,28.8,110,120.0,22.0,62,1,0,0,0,0,0,0,safe
1825,220,65,26.4,90,110.0,18.0,35,1,0,0,0,0,0,0,safe
3390,380,110,45.6,220,190.0,44.0,22,1,0,0,0,0,0,0,safe
1930,230,70,27.6,95,115.0,19.0,48,1,0,0,0,0,0,0,safe
2770,320,90,38.4,170,160.0,34.0,21,1,0,0,0,0,0,0,safe
2020,250,60,30.0,120,125.0,24.0,25,1,0,0,0,0,0,0,safe
1650,220,50,26.4,80,110.0,16.0,32,1,0,0,0,0,0,0,safe
1650,200,50,24.0,100,100.0,20.0,58,1,0,0,0,0,0,0,safe
2430,300,70,36.0,150,150.0,30.0,28,1,0,0,0,0,0,0,safe
1360,180,40,21.6,70,90.0,14.0,62,1,1,1,1,0,0,0,caution
1860,220,60,26.4,110,110.0,22.0,45,1,0,0,0,0,0,0,safe
1940,250,60,30.0,100,125.0,20.0,21,1,0,0,0,0,0,0,safe
1570,200,50,24.0,80,100.0,16.0,68,1,0,0,0,0,0,0,safe
2310,280,70,33.6,140,140.0,28.0,35,1,0,0,0,0,0,0,safe
1240,160,40,19.2,60,80.0,12.0,55,1,1,1,1,0,0,0,caution
1450,180,50,21.6,70,90.0,14.0,25,1,0,0,1,0,0,0,safe
1990,250,70,30.0,90,125.0,18.0,58,1,0,0,0,0,0,0,safe
1200,150,40,18.0,60,75.0,12.0,32,1,1,1,1,0,0,0,caution
2400,300,80,36.0,120,150.0,24.0,62,1,0,0,0,0,0,0,safe
1660,200,60,24.0,80,100.0,16.0,28,1,0,0,0,0,0,0,safe
1820,220,60,26.4,100,110.0,20.0,45,1,0,0,0,0,0,0,safe
1450,180,50,21.6,70,90.0,14.0,68,1,0,0,1,0,0,0,safe
2650,320,90,38.4,140,160.0,28.0,35,1,0,0,0,0,0,0,safe
1345,170,45,20.4,65,85.0,13.0,21,1,1,1,1,0,0,0,caution
1950,240,70,28.8,90,120.0,18.0,55,1,0,0,0,0,0,0,safe
2020,250,60,30.0,120,125.0,24.0,25,1,0,0,0,0,0,0,safe
1650,220,50,26.4,80,110.0,16.0,32,1,0,0,0,0,0,0,safe
1650,200,50,24.0,100,100.0,20.0,55,1,0,0,0,0,0,0,safe
1360,180,40,21.6,70,90.0,14.0,68,1,1,1,1,0,0,0,caution
2840,350,80,42.0,180,175.0,36.0,28,1,0,0,0,0,0,0,safe
1400,180,40,21.6,80,90.0,16.0,42,1,1,1,0,0,0,0,safe
2470,300,70,36.0,160,150.0,32.0,38,1,0,0,0,0,0,0,safe
1150,150,30,18.0,70,75.0,14.0,52,0,1,1,1,0,0,0,caution
2140,280,60,33.6,120,140.0,24.0,22,1,0,0,0,0,0,0,safe
1940,250,60,30.0,100,125.0,20.0,48,1,0,0,0,0,0,0,safe
2020,250,60,30.0,120,125.0,24.0,25,1,0,0,0,0,0,0,safe
1570,200,50,24.0,80,100.0,16.0,38,1,0,0,0,0,0,0,safe
1775,220,55,26.4,100,110.0,20.0,55,1,0,0,0,0,0,0,safe
1405,180,45,21.6,70,90.0,14.0,62,1,1,1,1,0,0,0,caution
2840,350,80,42.0,180,175.0,36.0,28,1,0,0,0,0,0,0,safe
1775,220,55,26.4,100,110.0,20.0,32,1,0,0,0,0,0,0,safe
1570,200,50,24.0,80,100.0,16.0,68,1,0,0,0,0,0,0,safe
1940,250,60,30.0,100,125.0,20.0,21,1,0,0,0,0,0,0,safe
1775,220,55,26.4,100,110.0,20.0,45,1,0,0,0,0,0,0,safe
1240,160,40,19.2,60,80.0,12.0,70,1,1,1,1,0,0,0,caution
1660,200,60,24.0,80,100.0,16.0,25,1,0,0,0,0,0,0,safe
2400,300,80,36.0,120,150.0,24.0,32,1,0,0,0,0,0,0,safe
1200,150,40,18.0,60,75.0,12.0,55,1,1,1,1,0,0,0,caution
3140,400,100,48.0,160,200.0,32.0,48,1,0,0,0,0,0,0,safe
1870,220,70,26.4,90,110.0,18.0,38,1,0,0,0,0,0,0,safe
2120,250,80,30.0,100,125.0,20.0,21,1,0,0,0,0,0,0,safe
1660,200,60,24.0,80,100.0,16.0,58,1,0,0,0,0,0,0,safe
1120,140,40,16.8,50,70.0,10.0,70,0,1,0,1,1,0,1,avoid
2810,350,90,42.0,150,175.0,30.0,42,1,0,0,0,0,0,0,safe
2020,250,60,30.0,120,125.0,24.0,25,1,0,0,0,0,0,0,safe
1530,200,50,24.0,70,100.0,14.0,62,1,0,0,1,0,0,0,safe
2840,350,80,42.0,180,175.0,36.0,38,1,0,0,0,0,0,0,safe
1400,180,40,21.6,80,90.0,16.0,45,1,1,1,0,0,0,0,safe
1530,200,50,24.0,70,100.0,14.0,22,1,0,0,1,0,0,0,safe
1820,220,60,26.4,100,110.0,20.0,58,1,0,0,0,0,0,0,safe
2470,300,70,36.0,160,150.0,32.0,30,1,0,0,0,0,0,0,safe
1280,160,40,19.2,70,80.0,14.0,28,1,1,1,1,0,0,0,caution
1320,180,40,21.6,60,90.0,12.0,68,1,1,1,1,0,0,0,caution
2350,280,70,33.6,150,140.0,30.0,42,1,0,0,0,0,0,0,safe
2040,250,60,30.0,125,125.0,25.0,25,1,0,0,0,0,0,0,safe
1710,225,50,27.0,90,112.5,18.0,32,1,0,0,0,0,0,0,safe
1855,225,55,27.0,115,112.5,23.0,58,1,0,0,0,0,0,0,safe
2520,300,80,36.0,150,150.0,30.0,28,1,0,0,0,0,0,0,safe
1480,200,40,24.0,80,100.0,16.0,62,1,1,1,0,0,0,0,safe
2910,350,90,42.0,175,175.0,35.0,40,1,0,0,0,0,0,0,safe
1860,230,60,27.6,100,115.0,20.0,35,1,0,0,0,0,0,0,safe
2250,275,70,33.0,130,137.5,26.0,22,1,0,0,0,0,0,0,safe
1670,210,50,25.2,95,105.0,19.0,65,1,0,0,0,0,0,0,safe
1400,185,40,22.2,75,92.5,15.0,48,1,1,1,1,0,0,0,caution
2140,250,60,30.0,150,125.0,30.0,25,1,0,0,0,0,0,0,safe
1730,200,50,24.0,120,100.0,24.0,38,1,0,0,0,0,0,0,safe
1650,220,50,26.4,80,110.0,16.0,62,1,0,0,0,0,0,0,safe
2920,350,80,42.0,200,175.0,40.0,45,1,0,0,0,0,0,0,safe
1650,200,50,24.0,100,100.0,20.0,28,1,0,0,0,0,0,0,safe
1770,220,50,26.4,110,110.0,22.0,55,1,0,0,0,0,0,0,safe
1850,250,50,30.0,100,125.0,20.0,22,1,0,0,0,0,0,0,safe
2550,300,70,36.0,180,150.0,36.0,30,1,0,0,0,0,0,0,safe
1400,180,40,21.6,80,90.0,16.0,68,1,1,1,0,0,0,0,safe
1980,240,60,28.8,120,120.0,24.0,35,1,0,0,0,0,0,0,safe
1660,200,60,24.0,80,100.0,16.0,25,1,0,0,0,0,0,0,safe
2520,300,80,36.0,150,150.0,30.0,32,1,0,0,0,0,0,0,safe
1240,150,40,18.0,70,75.0,14.0,55,1,1,1,1,0,0,0,caution
3220,400,100,48.0,180,200.0,36.0,28,1,0,0,0,0,0,0,safe
1940,250,60,30.0,100,125.0,20.0,62,1,0,0,0,0,0,0,safe
1450,180,50,21.6,70,90.0,14.0,21,1,0,0,1,0,0,0,safe
1660,200,60,24.0,80,100.0,16.0,48,1,0,0,0,0,0,0,safe
2850,350,90,42.0,160,175.0,32.0,35,1,0,0,0,0,0,0,safe
2400,280,80,33.6,140,140.0,28.0,40,1,0,0,0,0,0,0,safe
1820,200,60,24.0,120,100.0,24.0,25,1,0,0,0,0,0,0,safe
1940,250,60,30.0,100,125.0,20.0,32,1,0,0,0,0,0,0,safe
1860,250,60,30.0,80,125.0,16.0,55,1,0,0,0,0,0,0,safe
1490,180,50,21.6,80,90.0,16.0,28,1,0,0,0,0,0,0,safe
1200,150,40,18.0,60,75.0,12.0,62,1,1,1,1,0,0,0,caution
2520,300,80,36.0,150,150.0,30.0,40,1,0,0,0,0,0,0,safe
1660,200,60,24.0,80,100.0,16.0,38,1,0,0,0,0,0,0,safe
2730,350,90,42.0,130,175.0,26.0,22,1,0,0,0,0,0,0,safe
1450,180,50,21.6,70,90.0,14.0,19,1,0,0,1,0,0,0,safe
2150,270,70,32.4,110,135.0,22.0,45,1,0,0,0,0,0,0,safe
1660,200,60,24.0,80,100.0,16.0,25,1,0,0,0,0,0,0,safe
2520,300,80,36.0,150,150.0,30.0,32,1,0,0,0,0,0,0,safe
1240,150,40,18.0,70,75.0,14.0,58,1,1,1,1,0,0,0,caution
1860,250,60,30.0,80,125.0,16.0,65,1,0,0,0,0,0,0,safe
1610,220,50,26.4,70,110.0,14.0,42,1,0,0,1,0,0,0,safe
2890,350,90,42.0,170,175.0,34.0,38,1,0,0,0,0,0,0,safe
1385,180,45,21.6,65,90.0,13.0,28,1,1,1,1,0,0,0,caution
1675,220,55,26.4,75,110.0,15.0,62,1,0,0,1,0,0,0,safe
1325,170,45,20.4,60,85.0,12.0,21,1,1,1,1,0,0,0,caution
1575,200,55,24.0,70,100.0,14.0,55,1,0,0,1,0,0,0,safe
1650,180,50,21.6,120,90.0,24.0,25,1,0,0,0,0,0,0,safe
1740,220,60,26.4,80,110.0,16.0,32,1,0,0,0,0,0,0,safe
1240,150,40,18.0,70,75.0,14.0,55,1,1,1,1,0,0,0,caution
2520,270,80,32.4,180,135.0,36.0,40,1,0,0,0,0,0,0,safe
1830,200,70,24.0,100,100.0,20.0,62,1,0,0,0,0,0,0,safe
2030,240,70,28.8,110,120.0,22.0,28,1,0,0,0,0,0,0,safe
1940,200,60,24.0,150,100.0,30.0,35,1,0,0,0,0,0,0,safe
1820,220,60,26.4,100,110.0,20.0,22,1,0,0,0,0,0,0,safe
1650,170,50,20.4,130,85.0,26.0,48,1,0,0,0,0,0,0,safe
1120,130,40,15.6,60,65.0,12.0,58,1,1,1,1,1,0,1,avoid
1820,200,60,24.0,120,100.0,24.0,25,1,0,0,0,0,0,0,safe
1490,180,50,21.6,80,90.0,16.0,32,1,0,0,0,0,0,0,safe
2030,250,70,30.0,100,125.0,20.0,55,1,0,0,0,0,0,0,safe
2270,280,70,33.6,130,140.0,26.0,28,1,0,0,0,0,0,0,safe
1200,150,40,18.0,60,75.0,12.0,62,1,1,1,1,0,0,0,caution
2650,300,90,36.0,160,150.0,32.0,38,1,0,0,0,0,0,0,safe
1620,200,60,24.0,70,100.0,14.0,22,1,0,0,1,0,0,0,safe
1900,220,60,26.4,120,110.0,24.0,40,1,0,0,0,0,0,0,safe
1530,180,50,21.6,90,90.0,18.0,27,1,0,0,0,0,0,0,safe
1660,200,60,24.0,80,100.0,16.0,58,1,0,0,0,0,0,0,safe
2020,250,60,30.0,120,125.0,24.0,25,1,0,0,0,0,0,0,safe
1570,200,50,24.0,80,100.0,16.0,32,1,0,0,0,0,0,0,safe
1360,180,40,21.6,70,90.0,14.0,58,1,1,1,1,0,0,0,caution
2840,350,80,42.0,180,175.0,36.0,40,1,0,0,0,0,0,0,safe
1570,200,50,24.0,80,100.0,16.0,62,1,0,0,0,0,0,0,safe
1740,220,60,26.4,80,110.0,16.0,38,1,0,0,0,0,0,0,safe
3210,400,90,48.0,200,200.0,40.0,28,1,0,0,0,0,0,0,safe
1150,160,30,19.2,60,80.0,12.0,55,0,1,1,1,0,0,0,caution
1570,200,50,24.0,80,100.0,16.0,70,1,0,0,0,0,0,0,safe
1360,180,40,21.6,70,90.0,14.0,22,1,1,1,1,0,0,0,caution
1640,200,60,24.0,75,100.0,15.0,25,1,0,0,1,0,0,0,safe
2520,300,80,36.0,150,150.0,30.0,32,1,0,0,0,0,0,0,safe
1280,170,40,20.4,60,85.0,12.0,58,1,1,1,1,0,0,0,caution
3300,400,100,48.0,200,200.0,40.0,40,1,0,0,0,0,0,0,safe
1070,150,30,18.0,50,75.0,10.0,62,0,1,0,1,0,0,0,safe
2030,250,70,30.0,100,125.0,20.0,28,1,0,0,0,0,0,0,safe
1450,180,50,21.6,70,90.0,14.0,65,1,0,0,1,0,0,0,safe
2230,300,70,36.0,100,150.0,20.0,35,1,0,0,0,0,0,0,safe
1780,220,60,26.4,90,110.0,18.0,48,1,0,0,0,0,0,0,safe
1660,200,60,24.0,80,100.0,16.0,22,1,0,0,0,0,0,0,safe
1740,200,60,24.0,100,100.0,20.0,25,1,0,0,0,0,0,0,safe
2560,300,80,36.0,160,150.0,32.0,38,1,0,0,0,0,0,0,safe
1305,150,45,18.0,75,75.0,15.0,55,1,1,1,1,0,0,0,caution
2230,280,70,33.6,120,140.0,24.0,62,1,0,0,0,0,0,0,safe
2390,300,70,36.0,140,150.0,28.0,28,1,0,0,0,0,0,0,safe
2440,280,80,33.6,150,140.0,30.0,42,1,0,0,0,0,0,0,safe
1200,140,40,16.8,70,70.0,14.0,58,1,1,1,1,1,0,1,avoid
2350,300,70,36.0,130,150.0,26.0,33,1,0,0,0,0,0,0,safe
2270,280,70,33.6,130,140.0,26.0,21,1,0,0,0,0,0,0,safe
1530,180,50,21.6,90,90.0,18.0,68,1,0,0,0,0,0,0,safe
2020,250,60,30.0,120,125.0,24.0,25,1,0,0,0,0,0,0,safe
1570,200,50,24.0,80,100.0,16.0,38,1,0,0,0,0,0,0,safe
1650,200,50,24.0,100,100.0,20.0,62,1,0,0,0,0,0,0,safe
2480,300,80,36.0,140,150.0,28.0,45,1,0,0,0,0,0,0,safe
1860,220,60,26.4,110,110.0,22.0,58,1,0,0,0,0,0,0,safe
1360,180,40,21.6,70,90.0,14.0,22,1,1,1,1,0,0,0,caution
1280,160,40,19.2,70,80.0,14.0,70,1,1,1,1,0,0,0,caution
3020,350,100,42.0,180,175.0,36.0,30,1,0,0,0,0,0,0,safe
1570,200,50,24.0,80,100.0,16.0,42,1,0,0,0,0,0,0,safe
1650,200,50,24.0,100,100.0,20.0,55,1,0,0,0,0,0,0,safe
1740,200,60,24.0,100,100.0,20.0,25,1,0,0,0,0,0,0,safe
2400,300,80,36.0,120,150.0,24.0,38,1,0,0,0,0,0,0,safe
1370,150,50,18.0,80,75.0,16.0,55,1,0,0,0,0,0,0,safe
2860,350,100,42.0,140,175.0,28.0,62,1,0,0,0,0,0,0,safe
2440,300,80,36.0,130,150.0,26.0,28,1,0,0,0,0,0,0,safe
2070,250,70,30.0,110,125.0,22.0,32,1,0,0,0,0,0,0,safe
1200,140,40,16.8,70,70.0,14.0,58,1,1,1,1,1,0,1,avoid
3320,400,120,48.0,160,200.0,32.0,40,1,0,0,0,0,0,0,safe
1780,220,60,26.4,90,110.0,18.0,21,1,0,0,0,0,0,0,safe
2030,250,70,30.0,100,125.0,20.0,70,1,0,0,0,0,0,0,safe
2840,350,80,42.0,180,175.0,36.0,25,1,0,0,0,0,0,0,safe
1650,200,50,24.0,100,100.0,20.0,32,1,0,0,0,0,0,0,safe
2020,250,60,30.0,120,125.0,24.0,58,1,0,0,0,0,0,0,safe
1780,220,60,26.4,90,110.0,18.0,62,1,0,0,0,0,0,0,safe
3300,400,100,48.0,200,200.0,40.0,28,1,0,0,0,0,0,0,safe
1400,180,40,21.6,80,90.0,16.0,45,1,1,1,0,0,0,0,safe
2840,350,80,42.0,180,175.0,36.0,30,1,0,0,0,0,0,0,safe
1570,200,50,24.0,80,100.0,16.0,65,1,0,0,0,0,0,0,safe
2390,300,70,36.0,140,150.0,28.0,22,1,0,0,0,0,0,0,safe
1820,220,60,26.4,100,110.0,20.0,50,1,0,0,0,0,0,0,safe
2140,250,60,30.0,150,125.0,30.0,25,1,0,0,0,0,0,0,safe
1730,220,50,26.4,100,110.0,20.0,32,1,0,0,0,0,0,0,safe
1860,200,60,24.0,130,100.0,26.0,55,1,0,0,0,0,0,0,safe
2820,350,80,42.0,175,175.0,35.0,28,1,0,0,0,0,0,0,safe
2390,280,70,33.6,160,140.0,32.0,40,1,0,0,0,0,0,0,safe
1400,180,40,21.6,80,90.0,16.0,62,1,1,1,0,0,0,0,safe
3300,400,100,48.0,200,200.0,40.0,22,1,0,0,0,0,0,0,safe
1650,200,50,24.0,100,100.0,20.0,38,1,0,0,0,0,0,0,safe
2020,250,60,30.0,120,125.0,24.0,27,1,0,0,0,0,0,0,safe
2640,300,80,36.0,180,150.0,36.0,45,1,0,0,0,0,0,0,safe
1570,200,50,24.0,80,100.0,16.0,32,1,0,0,0,0,0,0,safe
1650,200,50,24.0,100,100.0,20.0,55,1,0,0,0,0,0,0,safe
2430,300,70,36.0,150,150.0,30.0,28,1,0,0,0,0,0,0,safe
1360,180,40,21.6,70,90.0,14.0,48,1,1,1,1,0,0,0,caution
1650,200,50,24.0,100,100.0,20.0,62,1,0,0,0,0,0,0,safe
2020,250,60,30.0,120,125.0,24.0,22,1,0,0,0,0,0,0,safe
2840,350,80,42.0,180,175.0,36.0,38,1,0,0,0,0,0,0,safe
1570,200,50,24.0,80,100.0,16.0,21,1,0,0,0,0,0,0,safe
1360,180,40,21.6,70,90.0,14.0,58,1,1,1,1,0,0,0,caution
1860,250,60,30.0,80,125.0,16.0,25,1,0,0,0,0,0,0,safe
2720,350,80,42.0,150,175.0,30.0,38,1,0,0,0,0,0,0,safe
1440,200,40,24.0,70,100.0,14.0,62,1,1,1,1,0,0,0,caution
3040,400,80,48.0,180,200.0,36.0,28,1,0,0,0,0,0,0,safe
1630,220,50,26.4,75,110.0,15.0,45,1,0,0,1,0,0,0,safe
2060,280,60,33.6,100,140.0,20.0,58,1,0,0,0,0,0,0,safe
2310,300,70,36.0,120,150.0,24.0,32,1,0,0,0,0,0,0,safe
1480,210,40,25.2,70,105.0,14.0,70,1,1,1,1,0,0,0,caution
2470,320,70,38.4,140,160.0,28.0,19,1,0,0,0,0,0,0,safe
1810,250,50,30.0,90,125.0,18.0,55,1,0,0,0,0,0,0,safe
2020,250,60,30.0,120,125.0,24.0,25,1,0,0,0,0,0,0,safe
1490,180,50,21.6,80,90.0,16.0,32,1,0,0,0,0,0,0,safe
2230,300,70,36.0,100,150.0,20.0,55,1,0,0,0,0,0,0,safe
1240,150,40,18.0,70,75.0,14.0,68,1,1,1,1,0,0,0,caution
3040,400,80,48.0,180,200.0,36.0,28,1,0,0,0,0,0,0,safe
1740,220,60,26.4,80,110.0,16.0,38,1,0,0,0,0,0,0,safe
1860,250,60,30.0,80,125.0,16.0,58,1,0,0,0,0,0,0,safe
2230,300,70,36.0,100,150.0,20.0,42,1,0,0,0,0,0,0,safe
2770,350,90,42.0,140,175.0,28.0,21,1,0,0,0,0,0,0,safe
990,120,30,14.4,60,60.0,12.0,62,0,1,1,1,1,1,1,avoid
2020,250,60,30.0,120,125.0,24.0,25,1,0,0,0,0,0,0,safe
1480,200,40,24.0,80,100.0,16.0,32,1,1,1,0,0,0,0,safe
2185,300,65,36.0,100,150.0,20.0,58,1,0,0,0,0,0,0,safe
2720,350,80,42.0,150,175.0,30.0,40,1,0,0,0,0,0,0,safe
3130,400,90,48.0,180,200.0,36.0,28,1,0,0,0,0,0,0,safe
1650,220,50,26.4,80,110.0,16.0,62,1,0,0,0,0,0,0,safe
2390,300,70,36.0,140,150.0,28.0,35,1,0,0,0,0,0,0,safe
1360,180,40,21.6,70,90.0,14.0,22,1,1,1,1,0,0,0,caution
1940,250,60,30.0,100,125.0,20.0,55,1,0,0,0,0,0,0,safe
1690,220,50,26.4,90,110.0,18.0,48,1,0,0,0,0,0,0,safe
2020,250,60,30.0,120,125.0,24.0,25,1,0,0,0,0,0,0,safe
1570,200,50,24.0,80,100.0,16.0,38,1,0,0,0,0,0,0,safe
1570,200,50,24.0,80,100.0,16.0,55,1,0,0,0,0,0,0,safe
1340,175,40,21.0,70,87.5,14.0,62,1,1,1,1,0,0,0,caution
2760,350,80,42.0,160,175.0,32.0,28,1,0,0,0,0,0,0,safe
1940,250,60,30.0,100,125.0,20.0,40,1,0,0,0,0,0,0,safe
1360,180,40,21.6,70,90.0,14.0,58,1,1,1,1,0,0,0,caution
1300,175,40,21.0,60,87.5,12.0,65,1,1,1,1,0,0,0,caution
3050,380,90,45.6,180,190.0,36.0,32,1,0,0,0,0,0,0,safe
1445,190,45,22.8,70,95.0,14.0,45,1,1,1,1,0,0,0,caution
2190,250,70,30.0,140,125.0,28.0,25,1,0,0,0,0,0,0,safe
1820,200,60,24.0,120,100.0,24.0,32,1,0,0,0,0,0,0,safe
2805,350,85,42.0,160,175.0,32.0,48,1,0,0,0,0,0,0,safe
1570,180,50,21.6,100,90.0,20.0,55,1,0,0,0,0,0,0,safe
3220,400,100,48.0,180,200.0,36.0,28,1,0,0,0,0,0,0,safe
1320,160,40,19.2,80,80.0,16.0,62,1,1,1,0,0,0,0,safe
2350,300,70,36.0,130,150.0,26.0,35,1,0,0,0,0,0,0,safe
2020,250,60,30.0,120,125.0,24.0,22,1,0,0,0,0,0,0,safe
1820,200,60,24.0,120,100.0,24.0,58,1,0,0,0,0,0,0,safe
1570,180,50,21.6,100,90.0,20.0,40,1,0,0,0,0,0,0,safe
2140,250,60,30.0,150,125.0,30.0,25,1,0,0,0,0,0,0,safe
1650,220,50,26.4,80,110.0,16.0,32,1,0,0,0,0,0,0,safe
1775,200,55,24.0,120,100.0,24.0,55,1,0,0,0,0,0,0,safe
2470,300,70,36.0,160,150.0,32.0,28,1,0,0,0,0,0,0,safe
1360,180,40,21.6,70,90.0,14.0,62,1,1,1,1,0,0,0,caution
2920,350,80,42.0,200,175.0,40.0,38,1,0,0,0,0,0,0,safe
1940,250,60,30.0,100,125.0,20.0,21,1,0,0,0,0,0,0,safe
1810,200,50,24.0,140,100.0,28.0,40,1,0,0,0,0,0,0,safe
1650,200,50,24.0,100,100.0,20.0,23,1,0,0,0,0,0,0,safe
1650,200,50,24.0,100,100.0,20.0,48,1,0,0,0,0,0,0,safe
2020,250,60,30.0,120,125.0,24.0,25,1,0,0,0,0,0,0,safe
1830,200,70,24.0,100,100.0,20.0,32,1,0,0,0,0,0,0,safe
2520,300,80,36.0,150,150.0,30.0,48,1,0,0,0,0,0,0,safe
1650,220,50,26.4,80,110.0,16.0,55,1,0,0,0,0,0,0,safe
2940,350,100,42.0,160,175.0,32.0,28,1,0,0,0,0,0,0,safe
1570,200,50,24.0,80,100.0,16.0,62,1,0,0,0,0,0,0,safe
2320,280,80,33.6,120,140.0,24.0,35,1,0,0,0,0,0,0,safe
1360,180,40,21.6,70,90.0,14.0,22,1,1,1,1,0,0,0,caution
2270,280,70,33.6,130,140.0,26.0,40,1,0,0,0,0,0,0,safe
2610,320,90,38.4,130,160.0,26.0,29,1,0,0,0,0,0,0,safe
2840,350,80,42.0,180,175.0,36.0,25,1,0,0,0,0,0,0,safe
1650,200,50,24.0,100,100.0,20.0,38,1,0,0,0,0,0,0,safe
2020,250,60,30.0,120,125.0,24.0,55,1,0,0,0,0,0,0,safe
1820,220,60,26.4,100,110.0,20.0,62,1,0,0,0,0,0,0,safe
3300,400,100,48.0,200,200.0,40.0,28,1,0,0,0,0,0,0,safe
1485,180,45,21.6,90,90.0,18.0,42,1,1,1,0,0,0,0,safe
1820,220,60,26.4,100,110.0,20.0,68,1,0,0,0,0,0,0,safe
2430,300,70,36.0,150,150.0,30.0,22,1,0,0,0,0,0,0,safe
2310,280,70,33.6,140,140.0,28.0,35,1,0,0,0,0,0,0,safe
1570,200,50,24.0,80,100.0,16.0,58,1,0,0,0,0,0,0,safe
1740,200,60,24.0,100,100.0,20.0,25,1,0,0,0,0,0,0,safe
2840,350,80,42.0,180,175.0,36.0,32,1,0,0,0,0,0,0,safe
1370,150,50,18.0,80,75.0,16.0,58,1,0,0,0,0,0,0,safe
3300,400,100,48.0,200,200.0,40.0,38,1,0,0,0,0,0,0,safe
2030,250,70,30.0,100,125.0,20.0,22,1,0,0,0,0,0,0,safe
1620,180,60,21.6,90,90.0,18.0,65,1,0,0,0,0,0,0,safe
2320,280,80,33.6,120,140.0,24.0,40,1,0,0,0,0,0,0,safe
2910,375,90,45.0,150,187.5,30.0,28,1,0,0,0,0,0,0,safe
1200,140,40,16.8,70,70.0,14.0,52,1,1,1,1,1,0,1,avoid
2440,300,80,36.0,130,150.0,26.0,35,1,0,0,0,0,0,0,safe
2020,250,60,30.0,120,125.0,24.0,25,1,0,0,0,0,0,0,safe
1570,200,50,24.0,80,100.0,16.0,35,1,0,0,0,0,0,0,safe
1360,180,40,21.6,70,90.0,14.0,55,1,1,1,1,0,0,0,caution
2840,350,80,42.0,180,175.0,36.0,40,1,0,0,0,0,0,0,safe
1570,200,50,24.0,80,100.0,16.0,28,1,0,0,0,0,0,0,safe
1730,220,50,26.4,100,110.0,20.0,62,1,0,0,0,0,0,0,safe
2060,280,60,33.6,100,140.0,20.0,32,1,0,0,0,0,0,0,safe
1570,200,50,24.0,80,100.0,16.0,21,1,0,0,0,0,0,0,safe
2230,280,70,33.6,120,140.0,24.0,48,1,0,0,0,0,0,0,safe
1360,180,40,21.6,70,90.0,14.0,38,1,1,1,1,0,0,0,caution
2140,250,60,30.0,150,125.0,30.0,25,1,0,0,0,0,0,0,safe
1650,220,50,26.4,80,110.0,16.0,38,1,0,0,0,0,0,0,safe
1360,180,40,21.6,70,90.0,14.0,55,1,1,1,1,0,0,0,caution
2920,350,80,42.0,200,175.0,40.0,28,1,0,0,0,0,0,0,safe
1740,200,60,24.0,100,100.0,20.0,62,1,0,0,0,0,0,0,safe
2140,280,60,33.6,120,140.0,24.0,32,1,0,0,0,0,0,0,safe
1240,160,40,19.2,60,80.0,12.0,21,1,1,1,1,0,0,0,caution
3290,400,90,48.0,220,200.0,44.0,40,1,0,0,0,0,0,0,safe
1610,210,50,25.2,80,105.0,16.0,27,1,0,0,0,0,0,0,safe
1730,200,50,24.0,120,100.0,24.0,19,1,0,0,0,0,0,0,safe
2140,250,60,30.0,150,125.0,30.0,25,1,0,0,0,0,0,0,safe
1730,200,50,24.0,120,100.0,24.0,32,1,0,0,0,0,0,0,safe
1730,200,50,24.0,120,100.0,24.0,55,1,0,0,0,0,0,0,safe
1400,180,40,21.6,80,90.0,16.0,68,1,1,1,0,0,0,0,safe
1832,194,72,23.28,102,97.0,20.4,47,1,0,0,0,0,0,0,safe
2760,330,96,39.6,144,165.0,28.8,77,1,0,0,0,0,0,0,safe
1925,161,65,19.32,174,80.5,34.8,51,1,0,0,0,0,0,0,safe
2156,316,64,37.92,79,158.0,15.8,50,1,0,0,1,0,0,0,safe
2902,353,94,42.36,161,176.5,32.2,77,1,0,0,0,0,0,0,safe
1455,171,39,20.52,105,85.5,21.0,53,1,1,1,0,0,0,0,safe
2162,199,78,23.88,166,99.5,33.2,79,1,0,0,0,0,0,0,safe
1717,207,53,24.84,103,103.5,20.6,65,1,0,0,0,0,0,0,safe
2460,350,84,42.0,76,175.0,15.2,25,1,0,0,1,0,0,0,safe
2256,347,60,41.64,82,173.5,16.4,39,1,0,0,0,0,0,0,safe
2428,379,48,45.48,120,189.5,24.0,53,1,1,1,0,0,0,0,safe
2372,399,56,47.88,68,199.5,13.6,42,1,0,0,1,0,0,0,safe
2803,315,99,37.8,163,157.5,32.6,74,1,0,0,0,0,0,0,safe
1496,205,44,24.6,70,102.5,14.0,72,1,1,1,1,0,0,0,caution
2490,373,34,44.76,173,186.5,34.6,18,1,1,1,0,0,0,0,safe
2222,328,62,39.36,88,164.0,17.6,51,1,0,0,0,0,0,0,safe
2352,285,72,34.2,141,142.5,28.2,70,1,0,0,0,0,0,0,safe
2490,306,82,36.72,132,153.0,26.4,53,1,0,0,0,0,0,0,safe
1557,161,37,19.32,145,80.5,29.0,59,1,1,1,0,0,0,0,safe
1674,162,74,19.44,90,81.0,18.0,46,1,0,0,0,0,0,0,safe
1999,234,39,28.08,178,117.0,35.6,34,1,1,1,0,0,0,0,safe
2447,368,79,44.16,66,184.0,13.2,44,1,0,0,1,0,0,0,safe
2290,224,90,26.88,146,112.0,29.2,52,1,0,0,0,0,0,0,safe
2197,257,85,30.84,101,128.5,20.2,56,1,0,0,0,0,0,0,safe
2022,211,54,25.32,173,105.5,34.6,70,1,0,0,0,0,0,0,safe
1951,285,59,34.2,70,142.5,14.0,72,1,0,0,1,0,0,0,safe
1625,227,37,27.24,96,113.5,19.2,57,1,1,1,0,0,0,0,safe
2362,362,30,43.44,161,181.0,32.2,44,0,1,1,0,0,0,0,safe
1772,229,48,27.48,106,114.5,21.2,70,1,1,1,0,0,0,0,safe
2533,395,69,47.4,83,197.5,16.6,38,1,0,0,0,0,0,0,safe
1781,255,37,30.6,107,127.5,21.4,51,1,1,1,0,0,0,0,safe
1934,176,74,21.12,141,88.0,28.2,21,1,0,0,0,0,0,0,safe
2313,399,57,47.88,51,199.5,10.2,52,1,0,0,1,0,0,0,safe
2548,324,72,38.88,151,162.0,30.2,40,1,0,0,0,0,0,0,safe
2222,220,90,26.4,133,110.0,26.6,61,1,0,0,0,0,0,0,safe
2166,363,42,43.56,84,181.5,16.8,36,1,1,1,0,0,0,0,safe
2181,263,81,31.56,100,131.5,20.0,70,1,0,0,0,0,0,0,safe
2461,310,89,37.2,105,155.0,21.0,20,1,0,0,0,0,0,0,safe
1311,150,35,18.0,99,75.0,19.8,36,1,1,1,0,0,0,0,safe
1917,250,45,30.0,128,125.0,25.6,40,1,1,1,0,0,0,0,safe
2703,389,67,46.68,136,194.5,27.2,61,1,0,0,0,0,0,0,safe
2218,267,54,32.04,166,133.5,33.2,77,1,0,0,0,0,0,0,safe
2219,314,31,37.68,171,157.0,34.2,63,1,1,1,0,0,0,0,safe
2782,308,98,36.96,167,154.0,33.4,37,1,0,0,0,0,0,0,safe
2199,166,99,19.92,161,83.0,32.2,41,1,0,0,0,0,0,0,safe
1499,198,39,23.76,89,99.0,17.8,69,1,1,1,0,0,0,0,safe
2809,370,73,44.4,168,185.0,33.6,56,1,0,0,0,0,0,0,safe
2133,225,93,27.0,99,112.5,19.8,74,1,0,0,0,0,0,0,safe
1718,240,58,28.8,59,120.0,11.8,25,1,0,0,1,0,0,0,safe
2404,326,56,39.12,149,163.0,29.8,44,1,0,0,0,0,0,0,safe
2194,380,38,45.6,83,190.0,16.6,69,1,1,1,0,0,0,0,safe
1785,264,33,31.68,108,132.0,21.6,26,1,1,1,0,0,0,0,safe
2671,271,99,32.52,174,135.5,34.8,26,1,0,0,0,0,0,0,safe
2463,311,59,37.32,172,155.5,34.4,46,1,0,0,0,0,0,0,safe
1812,187,52,22.44,149,93.5,29.8,61,1,0,0,0,0,0,0,safe
2491,389,55,46.68,110,194.5,22.0,31,1,0,0,0,0,0,0,safe
2209,239,81,28.68,131,119.5,26.2,78,1,0,0,0,0,0,0,safe
1927,241,79,28.92,63,120.5,12.6,21,1,0,0,1,0,0,0,safe
2239,340,55,40.8,96,170.0,19.2,58,1,0,0,0,0,0,0,safe
1401,186,41,22.32,72,93.0,14.4,30,1,1,1,1,0,0,0,caution
2130,353,42,42.36,85,176.5,17.0,53,1,1,1,0,0,0,0,safe
2665,330,93,39.6,127,165.0,25.4,62,1,0,0,0,0,0,0,safe
1608,152,36,18.24,169,76.0,33.8,24,1,1,1,0,0,0,0,safe
1932,178,84,21.36,116,89.0,23.2,58,1,0,0,0,0,0,0,safe
2160,318,60,38.16,87,159.0,17.4,67,1,0,0,0,0,0,0,safe
1436,159,56,19.08,74,79.5,14.8,48,1,0,0,1,0,0,0,safe
2293,323,61,38.76,113,161.5,22.6,29,1,0,0,0,0,0,0,safe
2166,214,78,25.68,152,107.0,30.4,75,1,0,0,0,0,0,0,safe
2213,214,93,25.68,130,107.0,26.0,26,1,0,0,0,0,0,0,safe
2419,301,75,36.12,135,150.5,27.0,60,1,0,0,0,0,0,0,safe
1731,194,79,23.28,61,97.0,12.2,36,1,0,0,1,0,0,0,safe
2083,226,99,27.12,72,113.0,14.4,69,1,0,0,1,0,0,0,safe
2075,170,91,20.4,144,85.0,28.8,66,1,0,0,0,0,0,0,safe
2018,252,46,30.24,149,126.0,29.8,41,1,1,1,0,0,0,0,safe
1963,244,31,29.28,177,122.0,35.4,53,1,1,1,0,0,0,0,safe
1891,206,95,24.72,53,103.0,10.6,45,1,0,0,1,0,0,0,safe
1732,221,60,26.52,77,110.5,15.4,24,1,0,0,1,0,0,0,safe
2258,325,46,39.0,136,162.5,27.2,32,1,1,1,0,0,0,0,safe
2118,220,66,26.4,161,110.0,32.2,46,1,0,0,0,0,0,0,safe
2601,367,97,44.04,65,183.5,13.0,52,1,0,0,1,0,0,0,safe
1707,187,51,22.44,125,93.5,25.0,73,1,0,0,0,0,0,0,safe
2275,305,39,36.6,176,152.5,35.2,31,1,1,1,0,0,0,0,safe
1887,284,51,34.08,73,142.0,14.6,47,1,0,0,1,0,0,0,safe
1487,150,51,18.0,107,75.0,21.4,42,1,0,0,0,0,0,0,safe
2280,334,60,40.08,101,167.0,20.2,53,1,0,0,0,0,0,0,safe
2175,347,39,41.64,109,173.5,21.8,31,1,1,1,0,0,0,0,safe
1419,188,51,22.56,52,94.0,10.4,55,1,0,0,1,0,0,0,safe
2448,288,76,34.56,153,144.0,30.6,47,1,0,0,0,0,0,0,safe
2205,226,97,27.12,107,113.0,21.4,45,1,0,0,0,0,0,0,safe
2378,293,82,35.16,117,146.5,23.4,38,1,0,0,0,0,0,0,safe
1795,165,75,19.8,115,82.5,23.0,24,1,0,0,0,0,0,0,safe
2398,321,62,38.52,139,160.5,27.8,79,1,0,0,0,0,0,0,safe
1270,161,42,19.32,62,80.5,12.4,74,1,1,1,1,0,0,0,caution
1658,248,30,29.76,99,124.0,19.8,20,0,1,1,0,0,0,0,safe
1696,197,52,23.64,110,98.5,22.0,41,1,0,0,0,0,0,0,safe
2230,190,86,22.8,174,95.0,34.8,37,1,0,0,0,0,0,0,safe
2148,240,64,28.8,153,120.0,30.6,57,1,0,0,0,0,0,0,safe
2029,248,89,29.76,59,124.0,11.8,52,1,0,0,1,0,0,0,safe
2315,390,47,46.8,83,195.0,16.6,31,1,1,1,0,0,0,0,safe
2374,332,82,39.84,77,166.0,15.4,33,1,0,0,1,0,0,0,safe
1394,191,30,22.92,90,95.5,18.0,30,0,1,1,0,0,0,0,safe
1990,160,98,19.2,117,80.0,23.4,43,1,0,0,0,0,0,0,safe
2180,371,48,44.52,66,185.5,13.2,66,1,1,1,1,0,0,0,caution
2548,313,84,37.56,135,156.5,27.0,19,1,0,0,0,0,0,0,safe
1785,224,73,26.88,58,112.0,11.6,57,1,0,0,1,0,0,0,safe
1815,270,47,32.4,78,135.0,15.6,49,1,1,1,1,0,0,0,caution
1874,234,42,28.08,140,117.0,28.0,32,1,1,1,0,0,0,0,safe
2696,389,72,46.68,123,194.5,24.6,33,1,0,0,0,0,0,0,safe
1820,183,76,21.96,101,91.5,20.2,73,1,0,0,0,0,0,0,safe
2148,260,88,31.2,79,130.0,15.8,32,1,0,0,1,0,0,0,safe
1915,199,59,23.88,147,99.5,29.4,66,1,0,0,0,0,0,0,safe
2200,290,60,34.8,125,145.0,25.0,66,1,0,0,0,0,0,0,safe
1949,299,33,35.88,114,149.5,22.8,29,1,1,1,0,0,0,0,safe
1769,288,45,34.56,53,144.0,10.6,56,1,1,1,1,0,0,0,caution
1705,254,41,30.48,80,127.0,16.0,23,1,1,1,0,0,0,0,safe
2347,325,71,39.0,102,162.5,20.4,49,1,0,0,0,0,0,0,safe
2076,259,80,31.08,80,129.5,16.0,59,1,0,0,0,0,0,0,safe
1984,192,92,23.04,97,96.0,19.4,21,1,0,0,0,0,0,0,safe
1644,279,36,33.48,51,139.5,10.2,41,1,1,1,1,0,0,0,caution
2671,360,95,43.2,94,180.0,18.8,29,1,0,0,0,0,0,0,safe
1773,197,61,23.64,109,98.5,21.8,65,1,0,0,0,0,0,0,safe
2007,283,75,33.96,50,141.5,10.0,51,0,0,0,1,0,0,0,safe
1896,195,80,23.4,99,97.5,19.8,64,1,0,0,0,0,0,0,safe
1319,163,47,19.56,61,81.5,12.2,47,1,1,1,1,0,0,0,caution
1743,188,59,22.56,115,94.0,23.0,71,1,0,0,0,0,0,0,safe
1685,252,33,30.24,95,126.0,19.0,18,1,1,1,0,0,0,0,safe
2476,397,32,47.64,150,198.5,30.0,31,1,1,1,0,0,0,0,safe
1450,162,42,19.44,106,81.0,21.2,68,1,1,1,0,0,0,0,safe
2221,321,49,38.52,124,160.5,24.8,50,1,1,1,0,0,0,0,safe
2264,346,72,41.52,58,173.0,11.6,47,1,0,0,1,0,0,0,safe
1569,150,33,18.0,168,75.0,33.6,71,1,1,1,0,0,0,0,safe
2306,365,70,43.8,54,182.5,10.8,29,1,0,0,1,0,0,0,safe
2592,377,96,45.24,55,188.5,11.0,53,1,0,0,1,0,0,0,safe
2205,349,65,41.88,56,174.5,11.2,65,1,0,0,1,0,0,0,safe
2178,273,46,32.76,168,136.5,33.6,39,1,1,1,0,0,0,0,safe
2179,266,91,31.92,74,133.0,14.8,33,1,0,0,1,0,0,0,safe
2261,314,73,37.68,87,157.0,17.4,25,1,0,0,0,0,0,0,safe
2007,274,31,32.88,158,137.0,31.6,46,1,1,1,0,0,0,0,safe
2506,344,62,41.28,143,172.0,28.6,72,1,0,0,0,0,0,0,safe
2133,178,93,21.36,146,89.0,29.2,30,1,0,0,0,0,0,0,safe
2279,239,91,28.68,126,119.5,25.2,51,1,0,0,0,0,0,0,safe
2399,342,71,41.04,98,171.0,19.6,34,1,0,0,0,0,0,0,safe
2212,369,32,44.28,112,184.5,22.4,56,1,1,1,0,0,0,0,safe
2448,332,76,39.84,109,166.0,21.8,43,1,0,0,0,0,0,0,safe
1874,277,34,33.24,115,138.5,23.0,41,1,1,1,0,0,0,0,safe
1297,196,33,23.52,54,98.0,10.8,20,1,1,1,1,0,0,0,caution
2137,214,97,25.68,102,107.0,20.4,57,1,0,0,0,0,0,0,safe
2586,342,58,41.04,174,171.0,34.8,54,1,0,0,0,0,0,0,safe
1883,157,99,18.84,91,78.5,18.2,36,1,0,0,0,0,0,0,safe
2673,374,85,44.88,103,187.0,20.6,69,1,0,0,0,0,0,0,safe
2145,236,93,28.32,91,118.0,18.2,34,1,0,0,0,0,0,0,safe
1826,237,30,28.44,152,118.5,30.4,24,0,1,1,0,0,0,0,safe
2096,204,76,24.48,149,102.0,29.8,32,1,0,0,0,0,0,0,safe
1739,167,95,20.04,54,83.5,10.8,31,1,0,0,1,0,0,0,safe
2180,289,88,34.68,58,144.5,11.6,77,1,0,0,1,0,0,0,safe
1991,187,87,22.44,115,93.5,23.0,29,1,0,0,0,0,0,0,safe
2865,387,77,46.44,156,193.5,31.2,61,1,0,0,0,0,0,0,safe
2294,280,78,33.6,118,140.0,23.6,34,1,0,0,0,0,0,0,safe
1666,276,38,33.12,55,138.0,11.0,18,1,1,1,1,0,0,0,caution
2227,258,95,30.96,85,129.0,17.0,58,1,0,0,0,0,0,0,safe
2270,233,90,27.96,132,116.5,26.4,28,1,0,0,0,0,0,0,safe
1784,285,44,34.2,62,142.5,12.4,19,1,1,1,1,0,0,0,caution
2824,378,84,45.36,139,189.0,27.8,53,1,0,0,0,0,0,0,safe
2510,369,66,44.28,110,184.5,22.0,77,1,0,0,0,0,0,0,safe
1924,214,64,25.68,123,107.0,24.6,75,1,0,0,0,0,0,0,safe
1811,329,31,39.48,54,164.5,10.8,37,1,1,1,1,0,0,0,caution
1982,245,58,29.4,120,122.5,24.0,52,1,0,0,0,0,0,0,safe
2565,378,73,45.36,99,189.0,19.8,37,1,0,0,0,0,0,0,safe
2360,296,84,35.52,105,148.0,21.0,22,1,0,0,0,0,0,0,safe
2208,281,76,33.72,100,140.5,20.0,27,1,0,0,0,0,0,0,safe
2462,398,50,47.76,105,199.0,21.0,70,1,0,0,0,0,0,0,safe
2997,381,85,45.72,177,190.5,35.4,50,1,0,0,0,0,0,0,safe
2453,361,81,43.32,70,180.5,14.0,39,1,0,0,1,0,0,0,safe
2237,393,41,47.16,74,196.5,14.8,25,1,1,1,1,0,0,0,caution
2751,336,79,40.32,174,168.0,34.8,70,1,0,0,0,0,0,0,safe
2699,354,95,42.48,107,177.0,21.4,21,1,0,0,0,0,0,0,safe
2079,271,71,32.52,89,135.5,17.8,78,1,0,0,0,0,0,0,safe
2539,394,63,47.28,99,197.0,19.8,30,1,0,0,0,0,0,0,safe
2579,260,95,31.2,171,130.0,34.2,32,1,0,0,0,0,0,0,safe
2393,399,33,47.88,125,199.5,25.0,52,1,1,1,0,0,0,0,safe
2121,270,81,32.4,78,135.0,15.6,18,1,0,0,1,0,0,0,safe
2194,377,38,45.24,86,188.5,17.2,22,1,1,1,0,0,0,0,safe
2073,248,45,29.76,169,124.0,33.8,58,1,1,1,0,0,0,0,safe
1781,254,41,30.48,99,127.0,19.8,52,1,1,1,0,0,0,0,safe
2669,376,53,45.12,172,188.0,34.4,38,1,0,0,0,0,0,0,safe
2144,274,52,32.88,145,137.0,29.0,32,1,0,0,0,0,0,0,safe
2507,261,87,31.32,170,130.5,34.0,45,1,0,0,0,0,0,0,safe
2436,315,56,37.8,168,157.5,33.6,31,1,0,0,0,0,0,0,safe
1328,172,44,20.64,61,86.0,12.2,39,1,1,1,1,0,0,0,caution
2355,300,71,36.0,129,150.0,25.8,49,1,0,0,0,0,0,0,safe
2176,266,60,31.92,143,133.0,28.6,22,1,0,0,0,0,0,0,safe
2732,384,92,46.08,92,192.0,18.4,67,1,0,0,0,0,0,0,safe
2588,396,60,47.52,116,198.0,23.2,41,1,0,0,0,0,0,0,safe
1942,151,90,18.12,132,75.5,26.4,61,1,0,0,0,0,0,0,safe
2016,226,84,27.12,89,113.0,17.8,71,1,0,0,0,0,0,0,safe
1844,190,52,22.8,154,95.0,30.8,22,1,0,0,0,0,0,0,safe
2157,248,77,29.76,118,124.0,23.6,68,1,0,0,0,0,0,0,safe
2847,342,99,41.04,147,171.0,29.4,31,1,0,0,0,0,0,0,safe
1451,150,47,18.0,107,75.0,21.4,42,1,1,1,0,0,0,0,safe
2293,272,69,32.64,146,136.0,29.2,71,1,0,0,0,0,0,0,safe
2429,329,61,39.48,141,164.5,28.2,31,1,0,0,0,0,0,0,safe
2933,346,93,41.52,178,173.0,35.6,46,1,0,0,0,0,0,0,safe
1653,278,33,33.36,61,139.0,12.2,51,1,1,1,1,0,0,0,caution
2452,301,88,36.12,114,150.5,22.8,41,1,0,0,0,0,0,0,safe
2253,236,89,28.32,127,118.0,25.4,76,1,0,0,0,0,0,0,safe
2631,366,71,43.92,132,183.0,26.4,43,1,0,0,0,0,0,0,safe
1421,174,45,20.88,80,87.0,16.0,78,1,1,1,0,0,0,0,safe
1765,200,45,24.0,140,100.0,28.0,34,1,1,1,0,0,0,0,safe
1515,195,39,23.4,96,97.5,19.2,40,1,1,1,0,0,0,0,safe
2021,273,37,32.76,149,136.5,29.8,67,1,1,1,0,0,0,0,safe
1936,312,44,37.44,73,156.0,14.6,23,1,1,1,1,0,0,0,caution
1520,226,44,27.12,55,113.0,11.0,34,1,1,1,1,0,0,0,caution
1426,152,38,18.24,119,76.0,23.8,32,1,1,1,0,0,0,0,safe
2203,254,75,30.48,128,127.0,25.6,28,1,0,0,0,0,0,0,safe
2957,393,97,47.16,128,196.5,25.6,48,1,0,0,0,0,0,0,safe
2551,372,67,44.64,115,186.0,23.0,58,1,0,0,0,0,0,0,safe
2768,353,72,42.36,177,176.5,35.4,58,1,0,0,0,0,0,0,safe
2304,266,88,31.92,112,133.0,22.4,71,1,0,0,0,0,0,0,safe
1926,315,50,37.8,54,157.5,10.8,42,1,0,0,1,0,0,0,safe
2229,221,81,26.52,154,110.5,30.8,52,1,0,0,0,0,0,0,safe
2477,359,41,43.08,168,179.5,33.6,58,1,1,1,0,0,0,0,safe
2319,391,35,46.92,110,195.5,22.0,61,1,1,1,0,0,0,0,safe
2474,342,66,41.04,128,171.0,25.6,26,1,0,0,0,0,0,0,safe
2463,395,47,47.4,115,197.5,23.0,62,1,1,1,0,0,0,0,safe
1923,328,35,39.36,74,164.0,14.8,24,1,1,1,1,0,0,0,caution
1768,257,60,30.84,50,128.5,10.0,33,0,0,0,1,0,0,0,safe
1689,158,41,18.96,172,79.0,34.4,54,1,1,1,0,0,0,0,safe
2778,385,70,46.2,152,192.5,30.4,43,1,0,0,0,0,0,0,safe
2535,321,95,38.52,99,160.5,19.8,33,1,0,0,0,0,0,0,safe
2137,328,45,39.36,105,164.0,21.0,32,1,1,1,0,0,0,0,safe
2418,387,74,46.44,51,193.5,10.2,54,1,0,0,1,0,0,0,safe
2060,150,96,18.0,149,75.0,29.8,27,1,0,0,0,0,0,0,safe
1764,221,64,26.52,76,110.5,15.2,59,1,0,0,1,0,0,0,safe
1959,359,31,43.08,61,179.5,12.2,29,1,1,1,1,0,0,0,caution
1594,248,38,29.76,65,124.0,13.0,36,1,1,1,1,0,0,0,caution
2287,366,35,43.92,127,183.0,25.4,58,1,1,1,0,0,0,0,safe
1976,173,80,20.76,141,86.5,28.2,29,1,0,0,0,0,0,0,safe
2003,161,91,19.32,135,80.5,27.0,32,1,0,0,0,0,0,0,safe
1397,163,53,19.56,67,81.5,13.4,60,1,0,0,1,0,0,0,safe
2148,174,96,20.88,147,87.0,29.4,51,1,0,0,0,0,0,0,safe
2248,304,92,36.48,51,152.0,10.2,35,1,0,0,1,0,0,0,safe
2247,316,75,37.92,77,158.0,15.4,51,1,0,0,1,0,0,0,safe
2719,341,83,40.92,152,170.5,30.4,61,1,0,0,0,0,0,0,safe
2341,375,49,45.0,100,187.5,20.0,75,1,1,1,0,0,0,0,safe
1939,213,79,25.56,94,106.5,18.8,22,1,0,0,0,0,0,0,safe
2240,197,96,23.64,147,98.5,29.4,23,1,0,0,0,0,0,0,safe
1518,177,62,21.24,63,88.5,12.6,61,1,0,0,1,0,0,0,safe
1829,213,61,25.56,107,106.5,21.4,57,1,0,0,0,0,0,0,safe
2097,214,97,25.68,92,107.0,18.4,67,1,0,0,0,0,0,0,safe
1751,197,39,23.64,153,98.5,30.6,22,1,1,1,0,0,0,0,safe
1535,203,55,24.36,57,101.5,11.4,19,1,0,0,1,0,0,0,safe
2703,375,75,45.0,132,187.5,26.4,56,1,0,0,0,0,0,0,safe
1766,175,90,21.0,64,87.5,12.8,71,1,0,0,1,0,0,0,safe
2815,395,91,47.4,104,197.5,20.8,38,1,0,0,0,0,0,0,safe
2395,357,51,42.84,127,178.5,25.4,47,1,0,0,0,0,0,0,safe
2399,398,63,47.76,60,199.0,12.0,34,1,0,0,1,0,0,0,safe
2802,385,70,46.2,158,192.5,31.6,73,1,0,0,0,0,0,0,safe
1578,156,30,18.72,171,78.0,34.2,23,0,1,1,0,0,0,0,safe
2354,380,42,45.6,114,190.0,22.8,36,1,1,1,0,0,0,0,safe
2011,219,95,26.28,70,109.5,14.0,23,1,0,0,1,0,0,0,safe
1901,217,49,26.04,148,108.5,29.6,26,1,1,1,0,0,0,0,safe
2097,287,33,34.44,163,143.5,32.6,32,1,1,1,0,0,0,0,safe
2644,307,88,36.84,156,153.5,31.2,53,1,0,0,0,0,0,0,safe
1908,248,64,29.76,85,124.0,17.0,46,1,0,0,0,0,0,0,safe
2648,377,84,45.24,96,188.5,19.2,48,1,0,0,0,0,0,0,safe
2024,214,52,25.68,175,107.0,35.0,62,1,0,0,0,0,0,0,safe
2461,264,93,31.68,142,132.0,28.4,59,1,0,0,0,0,0,0,safe
1639,244,35,29.28,87,122.0,17.4,22,1,1,1,0,0,0,0,safe
1745,159,73,19.08,113,79.5,22.6,44,1,0,0,0,0,0,0,safe
2503,384,51,46.08,127,192.0,25.4,24,1,0,0,0,0,0,0,safe
2282,271,58,32.52,169,135.5,33.8,41,1,0,0,0,0,0,0,safe
1646,207,54,24.84,83,103.5,16.6,39,1,0,0,0,0,0,0,safe
2346,246,90,29.52,138,123.0,27.6,52,1,0,0,0,0,0,0,safe
1356,163,32,19.56,104,81.5,20.8,47,1,1,1,0,0,0,0,safe
2330,386,46,46.32,93,193.0,18.6,54,1,1,1,0,0,0,0,safe
2362,269,66,32.28,173,134.5,34.6,25,1,0,0,0,0,0,0,safe
1634,184,58,22.08,94,92.0,18.8,51,1,0,0,0,0,0,0,safe
2021,326,49,39.12,69,163.0,13.8,79,1,1,1,1,0,0,0,caution
2380,304,96,36.48,75,152.0,15.0,62,1,0,0,1,0,0,0,safe
2252,307,60,36.84,121,153.5,24.2,32,1,0,0,0,0,0,0,safe
2177,341,49,40.92,93,170.5,18.6,75,1,1,1,0,0,0,0,safe
2036,287,72,34.44,60,143.5,12.0,37,1,0,0,1,0,0,0,safe
2249,374,61,44.88,51,187.0,10.2,31,1,0,0,1,0,0,0,safe
2176,179,84,21.48,176,89.5,35.2,53,1,0,0,0,0,0,0,safe
2124,237,96,28.44,78,118.5,15.6,71,1,0,0,1,0,0,0,safe
1988,259,56,31.08,112,129.5,22.4,71,1,0,0,0,0,0,0,safe
2355,254,91,30.48,130,127.0,26.0,21,1,0,0,0,0,0,0,safe
2126,204,82,24.48,143,102.0,28.6,28,1,0,0,0,0,0,0,safe
1698,260,46,31.2,61,130.0,12.2,36,1,1,1,1,0,0,0,caution
1988,278,60,33.36,84,139.0,16.8,48,1,0,0,0,0,0,0,safe
2354,352,42,42.24,142,176.0,28.4,68,1,1,1,0,0,0,0,safe
2522,351,62,42.12,140,175.5,28.0,75,1,0,0,0,0,0,0,safe
1977,179,73,21.48,151,89.5,30.2,43,1,0,0,0,0,0,0,safe
2516,390,60,46.8,104,195.0,20.8,21,1,0,0,0,0,0,0,safe
1789,221,73,26.52,62,110.5,12.4,31,1,0,0,1,0,0,0,safe
2018,300,34,36.0,128,150.0,25.6,33,1,1,1,0,0,0,0,safe
2790,381,62,45.72,177,190.5,35.4,41,1,0,0,0,0,0,0,safe
1925,247,61,29.64,97,123.5,19.4,72,1,0,0,0,0,0,0,safe
1946,244,62,29.28,103,122.0,20.6,71,1,0,0,0,0,0,0,safe
1883,175,63,21.0,154,87.5,30.8,71,1,0,0,0,0,0,0,safe
2480,330,76,39.6,119,165.0,23.8,76,1,0,0,0,0,0,0,safe
2360,254,72,30.48,174,127.0,34.8,21,1,0,0,0,0,0,0,safe
2430,341,54,40.92,145,170.5,29.0,46,1,0,0,0,0,0,0,safe
2195,355,39,42.6,106,177.5,21.2,27,1,1,1,0,0,0,0,safe
1805,166,81,19.92,103,83.0,20.6,27,1,0,0,0,0,0,0,safe
2694,388,82,46.56,101,194.0,20.2,49,1,0,0,0,0,0,0,safe
2188,256,80,30.72,111,128.0,22.2,25,1,0,0,0,0,0,0,safe
2104,209,68,25.08,164,104.5,32.8,55,1,0,0,0,0,0,0,safe
1680,163,76,19.56,86,81.5,17.2,73,1,0,0,0,0,0,0,safe
2049,342,49,41.04,60,171.0,12.0,41,1,1,1,1,0,0,0,caution
2757,300,97,36.0,171,150.0,34.2,55,1,0,0,0,0,0,0,safe
2194,287,62,34.44,122,143.5,24.4,29,1,0,0,0,0,0,0,safe
2272,345,44,41.4,124,172.5,24.8,39,1,1,1,0,0,0,0,safe
1926,249,34,29.88,156,124.5,31.2,56,1,1,1,0,0,0,0,safe
2071,165,91,19.8,148,82.5,29.6,44,1,0,0,0,0,0,0,safe
2484,288,96,34.56,117,144.0,23.4,40,1,0,0,0,0,0,0,safe
1889,236,77,28.32,63,118.0,12.6,35,1,0,0,1,0,0,0,safe
2272,252,72,30.24,154,126.0,30.8,57,1,0,0,0,0,0,0,safe
2320,315,76,37.8,94,157.5,18.8,53,1,0,0,0,0,0,0,safe
1364,163,40,19.56,88,81.5,17.6,21,1,1,1,0,0,0,0,safe
2117,302,53,36.24,108,151.0,21.6,64,1,0,0,0,0,0,0,safe
2928,394,84,47.28,149,197.0,29.8,52,1,0,0,0,0,0,0,safe
2444,282,92,33.84,122,141.0,24.4,28,1,0,0,0,0,0,0,safe
2223,366,59,43.92,57,183.0,11.4,50,1,0,0,1,0,0,0,safe
2438,339,82,40.68,86,169.5,17.2,30,1,0,0,0,0,0,0,safe
2447,350,75,42.0,93,175.0,18.6,73,1,0,0,0,0,0,0,safe
2454,392,74,47.04,55,196.0,11.0,44,1,0,0,1,0,0,0,safe
1920,224,40,26.88,166,112.0,33.2,36,1,1,1,0,0,0,0,safe
2345,374,41,44.88,120,187.0,24.0,35,1,1,1,0,0,0,0,safe
1898,252,30,30.24,155,126.0,31.0,77,0,1,1,0,0,0,0,safe
2928,396,96,47.52,120,198.0,24.0,54,1,0,0,0,0,0,0,safe
2098,397,30,47.64,60,198.5,12.0,18,0,1,1,1,0,0,0,caution
2146,372,50,44.64,52,186.0,10.4,63,1,0,0,1,0,0,0,safe
2150,354,38,42.48,98,177.0,19.6,61,1,1,1,0,0,0,0,safe
1887,294,47,35.28,72,147.0,14.4,37,1,1,1,1,0,0,0,caution
1857,179,73,21.48,121,89.5,24.2,26,1,0,0,0,0,0,0,safe
2192,346,64,41.52,58,173.0,11.6,31,1,0,0,1,0,0,0,safe
2392,225,96,27.0,157,112.5,31.4,45,1,0,0,0,0,0,0,safe
1609,161,85,19.32,50,80.5,10.0,23,0,0,0,1,0,0,0,safe
1271,160,43,19.2,61,80.0,12.2,20,1,1,1,1,0,0,0,caution
1833,224,53,26.88,115,112.0,23.0,51,1,0,0,0,0,0,0,safe
2202,288,82,34.56,78,144.0,15.6,75,1,0,0,1,0,0,0,safe
2247,274,95,32.88,74,137.0,14.8,25,1,0,0,1,0,0,0,safe
1714,187,70,22.44,84,93.5,16.8,70,1,0,0,0,0,0,0,safe
2377,388,45,46.56,105,194.0,21.0,72,1,1,1,0,0,0,0,safe
2903,381,79,45.72,167,190.5,33.4,77,1,0,0,0,0,0,0,safe
1611,202,51,24.24,86,101.0,17.2,60,1,0,0,0,0,0,0,safe
2615,398,55,47.76,132,199.0,26.4,22,1,0,0,0,0,0,0,safe
2649,370,85,44.4,101,185.0,20.2,72,1,0,0,0,0,0,0,safe
2284,209,88,25.08,164,104.5,32.8,43,1,0,0,0,0,0,0,safe
1919,233,47,27.96,141,116.5,28.2,45,1,1,1,0,0,0,0,safe
2573,354,69,42.48,134,177.0,26.8,37,1,0,0,0,0,0,0,safe
2273,360,69,43.2,53,180.0,10.6,75,1,0,0,1,0,0,0,safe
1420,157,56,18.84,72,78.5,14.4,63,1,0,0,1,0,0,0,safe
2187,338,47,40.56,103,169.0,20.6,41,1,1,1,0,0,0,0,safe
1621,191,69,22.92,59,95.5,11.8,23,1,0,0,1,0,0,0,safe
1623,188,71,22.56,58,94.0,11.6,20,1,0,0,1,0,0,0,safe
2670,378,58,45.36,159,189.0,31.8,61,1,0,0,0,0,0,0,safe
2179,212,91,25.44,128,106.0,25.6,66,1,0,0,0,0,0,0,safe
1828,206,44,24.72,152,103.0,30.4,38,1,1,1,0,0,0,0,safe
2076,304,64,36.48,71,152.0,14.2,47,1,0,0,1,0,0,0,safe
2462,353,50,42.36,150,176.5,30.0,50,1,0,0,0,0,0,0,safe
1899,172,91,20.64,98,86.0,19.6,57,1,0,0,0,0,0,0,safe
1947,187,91,22.44,95,93.5,19.0,53,1,0,0,0,0,0,0,safe
1388,174,40,20.88,83,87.0,16.6,41,1,1,1,0,0,0,0,safe
1551,205,31,24.6,113,102.5,22.6,73,1,1,1,0,0,0,0,safe
2652,286,88,34.32,179,143.0,35.8,53,1,0,0,0,0,0,0,safe
2462,279,82,33.48,152,139.5,30.4,37,1,0,0,0,0,0,0,safe
1260,165,40,19.8,60,82.5,12.0,63,1,1,1,1,0,0,0,caution
2825,395,97,47.4,93,197.5,18.6,58,1,0,0,0,0,0,0,safe
2459,312,63,37.44,161,156.0,32.2,23,1,0,0,0,0,0,0,safe
2240,245,88,29.4,117,122.5,23.4,77,1,0,0,0,0,0,0,safe
2859,384,99,46.08,108,192.0,21.6,70,1,0,0,0,0,0,0,safe
2418,273,74,32.76,165,136.5,33.0,49,1,0,0,0,0,0,0,safe
2761,399,53,47.88,172,199.5,34.4,30,1,0,0,0,0,0,0,safe
2573,394,37,47.28,166,197.0,33.2,59,1,1,1,0,0,0,0,safe
2300,375,60,45.0,65,187.5,13.0,66,1,0,0,1,0,0,0,safe
2594,336,66,40.32,164,168.0,32.8,63,1,0,0,0,0,0,0,safe
2438,306,94,36.72,92,153.0,18.4,73,1,0,0,0,0,0,0,safe
2283,275,87,33.0,100,137.5,20.0,46,1,0,0,0,0,0,0,safe
2087,272,67,32.64,99,136.0,19.8,76,1,0,0,0,0,0,0,safe
2375,327,55,39.24,143,163.5,28.6,58,1,0,0,0,0,0,0,safe
2695,385,71,46.2,129,192.5,25.8,29,1,0,0,0,0,0,0,safe
2083,210,67,25.2,160,105.0,32.0,52,1,0,0,0,0,0,0,safe
2984,394,80,47.28,172,197.0,34.4,68,1,0,0,0,0,0,0,safe
2276,216,92,25.92,146,108.0,29.2,54,1,0,0,0,0,0,0,safe
1784,219,48,26.28,119,109.5,23.8,18,1,1,1,0,0,0,0,safe
2712,366,80,43.92,132,183.0,26.4,49,1,0,0,0,0,0,0,safe
2056,273,44,32.76,142,136.5,28.4,78,1,1,1,0,0,0,0,safe
1730,210,58,25.2,92,105.0,18.4,76,1,0,0,0,0,0,0,safe
1983,257,55,30.84,115,128.5,23.0,18,1,0,0,0,0,0,0,safe
2063,312,43,37.44,107,156.0,21.4,73,1,1,1,0,0,0,0,safe
2220,258,64,30.96,153,129.0,30.6,73,1,0,0,0,0,0,0,safe
2324,316,92,37.92,58,158.0,11.6,21,1,0,0,1,0,0,0,safe
2116,325,44,39.0,105,162.5,21.0,50,1,1,1,0,0,0,0,safe
1906,248,78,29.76,53,124.0,10.6,25,1,0,0,1,0,0,0,safe
2216,313,36,37.56,160,156.5,32.0,60,1,1,1,0,0,0,0,safe
2631,386,95,46.32,58,193.0,11.6,71,1,0,0,1,0,0,0,safe
1905,225,49,27.0,141,112.5,28.2,41,1,1,1,0,0,0,0,safe
1654,218,30,26.16,128,109.0,25.6,56,0,1,1,0,0,0,0,safe
2343,251,99,30.12,112,125.5,22.4,69,1,0,0,0,0,0,0,safe
2022,250,54,30.0,134,125.0,26.8,54,1,0,0,0,0,0,0,safe
1795,150,55,18.0,175,75.0,35.0,46,1,0,0,0,0,0,0,safe
2189,278,81,33.36,87,139.0,17.4,19,1,0,0,0,0,0,0,safe
2335,336,79,40.32,70,168.0,14.0,33,1,0,0,1,0,0,0,safe
1833,167,73,20.04,127,83.5,25.4,39,1,0,0,0,0,0,0,safe
2059,266,35,31.92,170,133.0,34.0,53,1,1,1,0,0,0,0,safe
2358,228,94,27.36,150,114.0,30.0,30,1,0,0,0,0,0,0,safe
2800,392,88,47.04,110,196.0,22.0,37,1,0,0,0,0,0,0,safe
2376,362,60,43.44,97,181.0,19.4,32,1,0,0,0,0,0,0,safe
2441,350,49,42.0,150,175.0,30.0,64,1,1,1,0,0,0,0,safe
2052,285,60,34.2,93,142.5,18.6,26,1,0,0,0,0,0,0,safe
2149,338,45,40.56,98,169.0,19.6,64,1,1,1,0,0,0,0,safe
2020,200,60,24.0,170,100.0,34.0,42,1,0,0,0,0,0,0,safe
2569,325,97,39.0,99,162.5,19.8,44,1,0,0,0,0,0,0,safe
2501,388,45,46.56,136,194.0,27.2,68,1,1,1,0,0,0,0,safe
1911,244,35,29.28,155,122.0,31.0,34,1,1,1,0,0,0,0,safe
2567,391,79,46.92,73,195.5,14.6,41,1,0,0,1,0,0,0,safe
2667,306,83,36.72,174,153.0,34.8,48,1,0,0,0,0,0,0,safe
1742,227,46,27.24,105,113.5,21.0,58,1,1,1,0,0,0,0,safe
2212,252,88,30.24,103,126.0,20.6,20,1,0,0,0,0,0,0,safe
2628,324,96,38.88,117,162.0,23.4,28,1,0,0,0,0,0,0,safe
2100,175,76,21.0,179,87.5,35.8,21,1,0,0,0,0,0,0,safe
1832,262,36,31.44,115,131.0,23.0,41,1,1,1,0,0,0,0,safe
1904,295,36,35.4,100,147.5,20.0,39,1,1,1,0,0,0,0,safe
1716,236,44,28.32,94,118.0,18.8,65,1,1,1,0,0,0,0,safe
2336,372,36,44.64,131,186.0,26.2,68,1,1,1,0,0,0,0,safe
2273,249,81,29.88,137,124.5,27.4,61,1,0,0,0,0,0,0,safe
2778,367,94,44.04,116,183.5,23.2,64,1,0,0,0,0,0,0,safe
2342,301,94,36.12,73,150.5,14.6,34,1,0,0,1,0,0,0,safe
2686,338,70,40.56,176,169.0,35.2,49,1,0,0,0,0,0,0,safe
1768,255,36,30.6,106,127.5,21.2,57,1,1,1,0,0,0,0,safe
2498,367,42,44.04,163,183.5,32.6,71,1,1,1,0,0,0,0,safe
2218,214,86,25.68,147,107.0,29.4,58,1,0,0,0,0,0,0,safe
2340,275,96,33.0,94,137.5,18.8,40,1,0,0,0,0,0,0,safe
2342,338,38,40.56,162,169.0,32.4,26,1,1,1,0,0,0,0,safe
2011,160,91,19.2,138,80.0,27.6,42,1,0,0,0,0,0,0,safe
2511,361,47,43.32,161,180.5,32.2,43,1,1,1,0,0,0,0,safe
2065,350,37,42.0,83,175.0,16.6,27,1,1,1,0,0,0,0,safe
2418,391,62,46.92,74,195.5,14.8,41,1,0,0,1,0,0,0,safe
1956,275,40,33.0,124,137.5,24.8,71,1,1,1,0,0,0,0,safe
2393,336,49,40.32,152,168.0,30.4,78,1,1,1,0,0,0,0,safe
2551,310,99,37.2,105,155.0,21.0,56,1,0,0,0,0,0,0,safe
2146,304,34,36.48,156,152.0,31.2,71,1,1,1,0,0,0,0,safe
1379,203,39,24.36,54,101.5,10.8,35,1,1,1,1,0,0,0,caution
2503,388,51,46.56,123,194.0,24.6,39,1,0,0,0,0,0,0,safe
1750,200,74,24.0,71,100.0,14.2,25,1,0,0,1,0,0,0,safe
2754,347,94,41.64,130,173.5,26.0,40,1,0,0,0,0,0,0,safe
2401,377,53,45.24,104,188.5,20.8,46,1,0,0,0,0,0,0,safe
2573,346,89,41.52,97,173.0,19.4,75,1,0,0,0,0,0,0,safe
2261,270,65,32.4,149,135.0,29.8,23,1,0,0,0,0,0,0,safe
2270,283,78,33.96,109,141.5,21.8,55,1,0,0,0,0,0,0,safe
1944,204,64,24.48,138,102.0,27.6,41,1,0,0,0,0,0,0,safe
2640,295,88,35.4,167,147.5,33.4,63,1,0,0,0,0,0,0,safe
1878,199,58,23.88,140,99.5,28.0,42,1,0,0,0,0,0,0,safe
2539,316,83,37.92,132,158.0,26.4,55,1,0,0,0,0,0,0,safe
1671,158,71,18.96,100,79.0,20.0,55,1,0,0,0,0,0,0,safe
1594,223,38,26.76,90,111.5,18.0,39,1,1,1,0,0,0,0,safe
1663,257,39,30.84,71,128.5,14.2,34,1,1,1,1,0,0,0,caution
1486,190,30,22.8,114,95.0,22.8,64,0,1,1,0,0,0,0,safe
2955,398,99,47.76,118,199.0,23.6,55,1,0,0,0,0,0,0,safe
1852,182,56,21.84,155,91.0,31.0,36,1,0,0,0,0,0,0,safe
2131,354,55,42.48,55,177.0,11.0,47,1,0,0,1,0,0,0,safe
1986,242,50,29.04,142,121.0,28.4,21,1,0,0,0,0,0,0,safe
1828,335,32,40.2,50,167.5,10.0,71,0,1,0,1,0,0,0,safe
1921,193,73,23.16,123,96.5,24.6,56,1,0,0,0,0,0,0,safe
2506,314,82,37.68,128,157.0,25.6,33,1,0,0,0,0,0,0,safe
2423,382,31,45.84,154,191.0,30.8,71,1,1,1,0,0,0,0,safe
2125,190,97,22.8,123,95.0,24.6,62,1,0,0,0,0,0,0,safe
1557,210,41,25.2,87,105.0,17.4,29,1,1,1,0,0,0,0,safe
2068,269,60,32.28,113,134.5,22.6,27,1,0,0,0,0,0,0,safe
2197,246,57,29.52,175,123.0,35.0,37,1,0,0,0,0,0,0,safe
2425,293,61,35.16,176,146.5,35.2,41,1,0,0,0,0,0,0,safe
2065,317,57,38.04,71,158.5,14.2,31,1,0,0,1,0,0,0,safe
2648,273,96,32.76,173,136.5,34.6,37,1,0,0,0,0,0,0,safe
1804,151,96,18.12,84,75.5,16.8,62,1,0,0,0,0,0,0,safe
2325,383,61,45.96,61,191.5,12.2,59,1,0,0,1,0,0,0,safe
2308,318,56,38.16,133,159.0,26.6,21,1,0,0,0,0,0,0,safe
1468,201,40,24.12,76,100.5,15.2,55,1,1,1,1,0,0,0,caution
2092,308,64,36.96,71,154.0,14.2,25,1,0,0,1,0,0,0,safe
2067,239,59,28.68,145,119.5,29.0,36,1,0,0,0,0,0,0,safe
2798,397,58,47.64,172,198.5,34.4,61,1,0,0,0,0,0,0,safe
1915,199,83,23.88,93,99.5,18.6,57,1,0,0,0,0,0,0,safe
1337,159,33,19.08,101,79.5,20.2,75,1,1,1,0,0,0,0,safe
1307,152,47,18.24,69,76.0,13.8,43,1,1,1,1,0,0,0,caution
1507,171,31,20.52,136,85.5,27.2,50,1,1,1,0,0,0,0,safe
2260,170,96,20.4,179,85.0,35.8,23,1,0,0,0,0,0,0,safe
2163,301,59,36.12,107,150.5,21.4,73,1,0,0,0,0,0,0,safe
2822,377,78,45.24,153,188.5,30.6,73,1,0,0,0,0,0,0,safe
1889,191,81,22.92,99,95.5,19.8,31,1,0,0,0,0,0,0,safe
1708,160,60,19.2,132,80.0,26.4,73,1,0,0,0,0,0,0,safe
2187,240,59,28.8,174,120.0,34.8,63,1,0,0,0,0,0,0,safe
2241,316,65,37.92,98,158.0,19.6,39,1,0,0,0,0,0,0,safe
2495,352,55,42.24,148,176.0,29.6,65,1,0,0,0,0,0,0,safe
2328,302,76,36.24,109,151.0,21.8,23,1,0,0,0,0,0,0,safe
2156,360,40,43.2,89,180.0,17.8,34,1,1,1,0,0,0,0,safe
1554,174,30,20.88,147,87.0,29.4,70,0,1,1,0,0,0,0,safe
1894,215,62,25.8,119,107.5,23.8,41,1,0,0,0,0,0,0,safe
1849,262,33,31.44,126,131.0,25.2,46,1,1,1,0,0,0,0,safe
3113,390,97,46.8,170,195.0,34.0,73,1,0,0,0,0,0,0,safe
2234,224,74,26.88,168,112.0,33.6,27,1,0,0,0,0,0,0,safe
2495,250,83,30.0,187,125.0,37.4,55,1,0,0,0,0,0,0,safe
1535,154,51,18.48,115,77.0,23.0,19,1,0,0,0,0,0,0,safe
3517,352,117,42.24,264,176.0,52.8,31,1,0,0,0,0,0,0,safe
1237,124,41,14.88,93,62.0,18.6,69,1,1,1,0,1,0,1,avoid
2226,223,74,26.76,167,111.5,33.4,39,1,0,0,0,0,0,0,safe
2011,201,67,24.12,151,100.5,30.2,26,1,0,0,0,0,0,0,safe
3037,304,101,36.48,228,152.0,45.6,23,1,0,0,0,0,0,0,safe
2218,222,74,26.64,166,111.0,33.2,42,1,0,0,0,0,0,0,safe
3157,316,105,37.92,237,158.0,47.4,61,1,0,0,0,0,0,0,safe
1986,199,66,23.88,149,99.5,29.8,41,1,0,0,0,0,0,0,safe
2205,221,73,26.52,166,110.5,33.2,32,1,0,0,0,0,0,0,safe
1816,182,60,21.84,137,91.0,27.4,28,1,0,0,0,0,0,0,safe
2015,202,67,24.24,151,101.0,30.2,30,1,0,0,0,0,0,0,safe
2234,224,74,26.88,168,112.0,33.6,65,1,0,0,0,0,0,0,safe
2383,239,79,28.68,179,119.5,35.8,49,1,0,0,0,0,0,0,safe
3645,365,121,43.8,274,182.5,54.8,69,1,0,0,0,0,0,0,safe
3037,304,101,36.48,228,152.0,45.6,21,1,0,0,0,0,0,0,safe
1332,134,44,16.08,100,67.0,20.0,60,1,1,1,0,1,0,1,avoid
3124,313,104,37.56,234,156.5,46.8,30,1,0,0,0,0,0,0,safe
2346,235,78,28.2,176,117.5,35.2,27,1,0,0,0,0,0,0,safe
2735,274,91,32.88,205,137.0,41.0,70,1,0,0,0,0,0,0,safe
2106,211,70,25.32,158,105.5,31.6,56,1,0,0,0,0,0,0,safe
2640,264,88,31.68,198,132.0,39.6,58,1,0,0,0,0,0,0,safe
1237,124,41,14.88,93,62.0,18.6,63,1,1,1,0,1,0,1,avoid
3149,315,105,37.8,236,157.5,47.2,33,1,0,0,0,0,0,0,safe
1651,165,55,19.8,124,82.5,24.8,59,1,0,0,0,0,0,0,safe
1394,140,46,16.8,105,70.0,21.0,36,1,1,1,0,1,0,1,avoid
2561,257,85,30.84,192,128.5,38.4,49,1,0,0,0,0,0,0,safe
3600,360,120,43.2,270,180.0,54.0,19,1,0,0,0,0,0,0,safe
2445,245,81,29.4,184,122.5,36.8,45,1,0,0,0,0,0,0,safe
2077,208,69,24.96,156,104.0,31.2,49,1,0,0,0,0,0,0,safe
2760,276,92,33.12,207,138.0,41.4,45,1,0,0,0,0,0,0,safe
1291,129,43,15.48,97,64.5,19.4,45,1,1,1,0,1,0,1,avoid
2743,275,91,33.0,206,137.5,41.2,38,1,0,0,0,0,0,0,safe
2263,227,75,27.24,170,113.5,34.0,49,1,0,0,0,0,0,0,safe
3058,306,102,36.72,229,153.0,45.8,57,1,0,0,0,0,0,0,safe
2714,272,90,32.64,204,136.0,40.8,28,1,0,0,0,0,0,0,safe
3480,348,116,41.76,261,174.0,52.2,42,1,0,0,0,0,0,0,safe
2474,248,82,29.76,186,124.0,37.2,19,1,0,0,0,0,0,0,safe
1957,196,65,23.52,147,98.0,29.4,56,1,0,0,0,0,0,0,safe
3575,358,119,42.96,268,179.0,53.6,39,1,0,0,0,0,0,0,safe
2309,231,77,27.72,173,115.5,34.6,19,1,0,0,0,0,0,0,safe
2251,225,75,27.0,169,112.5,33.8,49,1,0,0,0,0,0,0,safe
1332,134,44,16.08,100,67.0,20.0,28,1,1,1,0,1,0,1,avoid
2143,215,71,25.8,161,107.5,32.2,25,1,0,0,0,0,0,0,safe
2892,290,96,34.8,217,145.0,43.4,49,1,0,0,0,0,0,0,safe
1899,190,63,22.8,143,95.0,28.6,27,1,0,0,0,0,0,0,safe
2557,256,85,30.72,192,128.0,38.4,31,1,0,0,0,0,0,0,safe
3405,341,113,40.92,256,170.5,51.2,34,1,0,0,0,0,0,0,safe
4022,402,134,48.24,302,201.0,60.4,46,1,0,0,0,0,0,0,safe
2644,265,88,31.8,198,132.5,39.6,43,1,0,0,0,0,0,0,safe
2114,212,70,25.44,159,106.0,31.8,51,1,0,0,0,0,0,0,safe
3157,316,105,37.92,237,158.0,47.4,42,1,0,0,0,0,0,0,safe
2383,239,79,28.68,179,119.5,35.8,34,1,0,0,0,0,0,0,safe
3343,335,111,40.2,251,167.5,50.2,30,1,0,0,0,0,0,0,safe
3045,305,101,36.6,229,152.5,45.8,39,1,0,0,0,0,0,0,safe
2168,217,72,26.04,163,108.5,32.6,62,1,0,0,0,0,0,0,safe
1688,169,56,20.28,127,84.5,25.4,61,1,0,0,0,0,0,0,safe
1829,183,61,21.96,137,91.5,27.4,65,1,0,0,0,0,0,0,safe
3103,311,103,37.32,233,155.5,46.6,19,1,0,0,0,0,0,0,safe
2520,252,84,30.24,189,126.0,37.8,34,1,0,0,0,0,0,0,safe
1506,151,50,18.12,113,75.5,22.6,61,1,0,0,0,0,0,0,safe
1423,143,47,17.16,107,71.5,21.4,19,1,1,1,0,1,0,1,avoid
2383,239,79,28.68,179,119.5,35.8,57,1,0,0,0,0,0,0,safe
2623,263,87,31.56,197,131.5,39.4,63,1,0,0,0,0,0,0,safe
3509,351,117,42.12,263,175.5,52.6,21,1,0,0,0,0,0,0,safe
2582,258,86,30.96,194,129.0,38.8,43,1,0,0,0,0,0,0,safe
4357,436,145,52.32,327,218.0,65.4,34,1,0,0,0,0,0,0,safe
2052,206,68,24.72,154,103.0,30.8,56,1,0,0,0,0,0,0,safe
1605,161,53,19.32,121,80.5,24.2,63,1,0,0,0,0,0,0,safe
2652,266,88,31.92,199,133.0,39.8,36,1,0,0,0,0,0,0,safe
1568,157,52,18.84,118,78.5,23.6,53,1,0,0,0,0,0,0,safe
3058,306,102,36.72,229,153.0,45.8,38,1,0,0,0,0,0,0,safe
2495,250,83,30.0,187,125.0,37.4,23,1,0,0,0,0,0,0,safe
1866,187,62,22.44,140,93.5,28.0,49,1,0,0,0,0,0,0,safe
1866,187,62,22.44,140,93.5,28.0,68,1,0,0,0,0,0,0,safe
2106,211,70,25.32,158,105.5,31.6,31,1,0,0,0,0,0,0,safe
1200,120,40,14.4,90,60.0,18.0,42,0,1,1,0,1,0,1,avoid
1349,135,45,16.2,101,67.5,20.2,58,1,1,1,0,1,0,1,avoid
3583,359,119,43.08,269,179.5,53.8,24,1,0,0,0,0,0,0,safe
3583,359,119,43.08,269,179.5,53.8,24,1,0,0,0,0,0,0,safe
2917,292,97,35.04,219,146.0,43.8,23,1,0,0,0,0,0,0,safe
3074,308,102,36.96,231,154.0,46.2,48,1,0,0,0,0,0,0,safe
1543,155,51,18.6,116,77.5,23.2,49,1,0,0,0,0,0,0,safe
2346,235,78,28.2,176,117.5,35.2,47,1,0,0,0,0,0,0,safe
2532,254,84,30.48,190,127.0,38.0,29,1,0,0,0,0,0,0,safe
1986,199,66,23.88,149,99.5,29.8,50,1,0,0,0,0,0,0,safe
2520,252,84,30.24,189,126.0,37.8,59,1,0,0,0,0,0,0,safe
1514,152,50,18.24,114,76.0,22.8,56,1,0,0,0,0,0,0,safe
2135,214,71,25.68,160,107.0,32.0,56,1,0,0,0,0,0,0,safe
2048,205,68,24.6,154,102.5,30.8,31,1,0,0,0,0,0,0,safe
3426,343,114,41.16,257,171.5,51.4,70,1,0,0,0,0,0,0,safe
3972,398,132,47.76,298,199.0,59.6,23,1,0,0,0,0,0,0,safe
1200,120,40,14.4,90,60.0,18.0,56,0,1,1,0,1,0,1,avoid
2946,295,98,35.4,221,147.5,44.2,21,1,0,0,0,0,0,0,safe
2847,285,95,34.2,213,142.5,42.6,23,1,0,0,0,0,0,0,safe
2458,246,82,29.52,184,123.0,36.8,35,1,0,0,0,0,0,0,safe
1957,196,65,23.52,147,98.0,29.4,65,1,0,0,0,0,0,0,safe
1957,196,65,23.52,147,98.0,29.4,41,1,0,0,0,0,0,0,safe
1394,140,46,16.8,105,70.0,21.0,70,1,1,1,0,1,0,1,avoid
1245,125,41,15.0,94,62.5,18.8,33,1,1,1,0,1,0,1,avoid
1419,142,47,17.04,107,71.0,21.4,39,1,1,1,0,1,0,1,avoid
2338,234,78,28.08,175,117.0,35.0,47,1,0,0,0,0,0,0,safe
3703,371,123,44.52,278,185.5,55.6,36,1,0,0,0,0,0,0,safe
2847,285,95,34.2,213,142.5,42.6,49,1,0,0,0,0,0,0,safe
3000,300,100,36.0,225,150.0,45.0,54,1,0,0,0,0,0,0,safe
1986,199,66,23.88,149,99.5,29.8,65,1,0,0,0,0,0,0,safe
2921,293,97,35.16,219,146.5,43.8,23,1,0,0,0,0,0,0,safe
3397,340,113,40.8,255,170.0,51.0,60,1,0,0,0,0,0,0,safe
2983,299,99,35.88,224,149.5,44.8,52,1,0,0,0,0,0,0,safe
2412,242,80,29.04,181,121.0,36.2,36,1,0,0,0,0,0,0,safe
2706,271,90,32.52,203,135.5,40.6,67,1,0,0,0,0,0,0,safe
1332,134,44,16.08,100,67.0,20.0,59,1,1,1,0,1,0,1,avoid
2077,208,69,24.96,156,104.0,31.2,26,1,0,0,0,0,0,0,safe
1866,187,62,22.44,140,93.5,28.0,46,1,0,0,0,0,0,0,safe
2023,203,67,24.36,152,101.5,30.4,54,1,0,0,0,0,0,0,safe
2437,244,81,29.28,183,122.0,36.6,22,1,0,0,0,0,0,0,safe
1560,156,52,18.72,117,78.0,23.4,26,1,0,0,0,0,0,0,safe
1887,189,63,22.68,141,94.5,28.2,48,1,0,0,0,0,0,0,safe
2400,240,80,28.8,180,120.0,36.0,56,1,0,0,0,0,0,0,safe
1800,180,60,21.6,135,90.0,27.0,26,1,0,0,0,0,0,0,safe
2888,289,96,34.68,217,144.5,43.4,50,1,0,0,0,0,0,0,safe
2077,208,69,24.96,156,104.0,31.2,33,1,0,0,0,0,0,0,safe
1303,131,43,15.72,98,65.5,19.6,26,1,1,1,0,1,0,1,avoid
1514,152,50,18.24,114,76.0,22.8,69,1,0,0,0,0,0,0,safe
3157,316,105,37.92,237,158.0,47.4,23,1,0,0,0,0,0,0,safe
2354,236,78,28.32,177,118.0,35.4,50,1,0,0,0,0,0,0,safe
2317,232,77,27.84,174,116.0,34.8,70,1,0,0,0,0,0,0,safe
1903,191,63,22.92,143,95.5,28.6,60,1,0,0,0,0,0,0,safe
2437,244,81,29.28,183,122.0,36.6,43,1,0,0,0,0,0,0,safe
2557,256,85,30.72,192,128.0,38.4,25,1,0,0,0,0,0,0,safe
3186,319,106,38.28,239,159.5,47.8,60,1,0,0,0,0,0,0,safe
2367,237,79,28.44,177,118.5,35.4,56,1,0,0,0,0,0,0,safe
2698,270,90,32.4,202,135.0,40.4,21,1,0,0,0,0,0,0,safe
1634,164,54,19.68,123,82.0,24.6,67,1,0,0,0,0,0,0,safe
1903,191,63,22.92,143,95.5,28.6,48,1,0,0,0,0,0,0,safe
3314,332,110,39.84,249,166.0,49.8,43,1,0,0,0,0,0,0,safe
1692,170,56,20.4,127,85.0,25.4,37,1,0,0,0,0,0,0,safe
2309,231,77,27.72,173,115.5,34.6,48,1,0,0,0,0,0,0,safe
1767,177,59,21.24,132,88.5,26.4,28,1,0,0,0,0,0,0,safe
2851,285,95,34.2,214,142.5,42.8,57,1,0,0,0,0,0,0,safe
2309,231,77,27.72,173,115.5,34.6,26,1,0,0,0,0,0,0,safe
2896,290,96,34.8,218,145.0,43.6,56,1,0,0,0,0,0,0,safe
3074,308,102,36.96,231,154.0,46.2,63,1,0,0,0,0,0,0,safe
2234,224,74,26.88,168,112.0,33.6,59,1,0,0,0,0,0,0,safe
1469,147,49,17.64,110,73.5,22.0,64,1,1,1,0,1,0,1,avoid
1506,151,50,18.12,113,75.5,22.6,30,1,0,0,0,0,0,0,safe
2056,206,68,24.72,155,103.0,31.0,32,1,0,0,0,0,0,0,safe
1845,185,61,22.2,139,92.5,27.8,41,1,0,0,0,0,0,0,safe
2160,216,72,25.92,162,108.0,32.4,33,1,0,0,0,0,0,0,safe
1684,169,56,20.28,126,84.5,25.2,32,1,0,0,0,0,0,0,safe
2342,234,78,28.08,176,117.0,35.2,67,1,0,0,0,0,0,0,safe
2040,204,68,24.48,153,102.0,30.6,27,1,0,0,0,0,0,0,safe
3496,350,116,42.0,263,175.0,52.6,33,1,0,0,0,0,0,0,safe
2284,229,76,27.48,171,114.5,34.2,65,1,0,0,0,0,0,0,safe
2429,243,81,29.16,182,121.5,36.4,29,1,0,0,0,0,0,0,safe
2429,243,81,29.16,182,121.5,36.4,67,1,0,0,0,0,0,0,safe
1903,191,63,22.92,143,95.5,28.6,43,1,0,0,0,0,0,0,safe
1200,120,40,14.4,90,60.0,18.0,49,0,1,1,0,1,0,1,avoid
2172,218,72,26.16,163,109.0,32.6,28,1,0,0,0,0,0,0,safe
2325,233,77,27.96,175,116.5,35.0,42,1,0,0,0,0,0,0,safe
3157,316,105,37.92,237,158.0,47.4,50,1,0,0,0,0,0,0,safe
1423,143,47,17.16,107,71.5,21.4,36,1,1,1,0,1,0,1,avoid
2557,256,85,30.72,192,128.0,38.4,24,1,0,0,0,0,0,0,safe
2011,201,67,24.12,151,100.5,30.2,53,1,0,0,0,0,0,0,safe
1531,153,51,18.36,115,76.5,23.0,57,1,0,0,0,0,0,0,safe
1336,134,44,16.08,101,67.0,20.2,49,1,1,1,0,1,0,1,avoid
4051,405,135,48.6,304,202.5,60.8,31,1,0,0,0,0,0,0,safe
3008,301,100,36.12,226,150.5,45.2,37,1,0,0,0,0,0,0,safe
3360,336,112,40.32,252,168.0,50.4,28,1,0,0,0,0,0,0,safe
2168,217,72,26.04,163,108.5,32.6,53,1,0,0,0,0,0,0,safe
1336,134,44,16.08,101,67.0,20.2,41,1,1,1,0,1,0,1,avoid
3165,317,105,38.04,238,158.5,47.6,30,1,0,0,0,0,0,0,safe
1200,120,40,14.4,90,60.0,18.0,62,0,1,1,0,1,0,1,avoid
3128,313,104,37.56,235,156.5,47.0,26,1,0,0,0,0,0,0,safe
3372,338,112,40.56,253,169.0,50.6,27,1,0,0,0,0,0,0,safe
3451,345,115,41.4,259,172.5,51.8,33,1,0,0,0,0,0,0,safe
1949,195,65,23.4,146,97.5,29.2,55,1,0,0,0,0,0,0,safe
1684,169,56,20.28,126,84.5,25.2,39,1,0,0,0,0,0,0,safe
2015,202,67,24.24,151,101.0,30.2,53,1,0,0,0,0,0,0,safe
1382,138,46,16.56,104,69.0,20.8,28,1,1,1,0,1,0,1,avoid
1605,161,53,19.32,121,80.5,24.2,60,1,0,0,0,0,0,0,safe
1920,192,64,23.04,144,96.0,28.8,37,1,0,0,0,0,0,0,safe
1986,199,66,23.88,149,99.5,29.8,65,1,0,0,0,0,0,0,safe
2826,283,94,33.96,212,141.5,42.4,68,1,0,0,0,0,0,0,safe
1597,160,53,19.2,120,80.0,24.0,55,1,0,0,0,0,0,0,safe
2652,266,88,31.92,199,133.0,39.8,51,1,0,0,0,0,0,0,safe
1688,169,56,20.28,127,84.5,25.4,27,1,0,0,0,0,0,0,safe
2429,243,81,29.16,182,121.5,36.4,40,1,0,0,0,0,0,0,safe
2189,219,73,26.28,164,109.5,32.8,37,1,0,0,0,0,0,0,safe
2917,292,97,35.04,219,146.0,43.8,42,1,0,0,0,0,0,0,safe
3240,324,108,38.88,243,162.0,48.6,40,1,0,0,0,0,0,0,safe
3509,351,117,42.12,263,175.5,52.6,40,1,0,0,0,0,0,0,safe
3223,323,107,38.76,242,161.5,48.4,53,1,0,0,0,0,0,0,safe
1663,167,55,20.04,125,83.5,25.0,38,1,0,0,0,0,0,0,safe
3488,349,116,41.88,262,174.5,52.4,22,1,0,0,0,0,0,0,safe
1200,120,40,14.4,90,60.0,18.0,57,0,1,1,0,1,0,1,avoid
3029,303,101,36.36,227,151.5,45.4,35,1,0,0,0,0,0,0,safe
2292,230,76,27.6,172,115.0,34.4,43,1,0,0,0,0,0,0,safe
3240,324,108,38.88,243,162.0,48.6,64,1,0,0,0,0,0,0,safe
3124,313,104,37.56,234,156.5,46.8,46,1,0,0,0,0,0,0,safe
1866,187,62,22.44,140,93.5,28.0,40,1,0,0,0,0,0,0,safe
2971,297,99,35.64,223,148.5,44.6,51,1,0,0,0,0,0,0,safe
2499,250,83,30.0,188,125.0,37.6,62,1,0,0,0,0,0,0,safe
2077,208,69,24.96,156,104.0,31.2,45,1,0,0,0,0,0,0,safe
3240,324,108,38.88,243,162.0,48.6,45,1,0,0,0,0,0,0,safe
2367,237,79,28.44,177,118.5,35.4,27,1,0,0,0,0,0,0,safe
1858,186,62,22.32,139,93.0,27.8,64,1,0,0,0,0,0,0,safe
3327,333,111,39.96,249,166.5,49.8,34,1,0,0,0,0,0,0,safe
4299,430,143,51.6,323,215.0,64.6,42,1,0,0,0,0,0,0,safe
2114,212,70,25.44,159,106.0,31.8,25,1,0,0,0,0,0,0,safe
2019,202,67,24.24,152,101.0,30.4,24,1,0,0,0,0,0,0,safe
2408,241,80,28.92,181,120.5,36.2,26,1,0,0,0,0,0,0,safe
1680,168,56,20.16,126,84.0,25.2,39,1,0,0,0,0,0,0,safe
2491,249,83,29.88,187,124.5,37.4,59,1,0,0,0,0,0,0,safe
2143,215,71,25.8,161,107.5,32.2,55,1,0,0,0,0,0,0,safe
2234,224,74,26.88,168,112.0,33.6,66,1,0,0,0,0,0,0,safe
1754,176,58,21.12,132,88.0,26.4,52,1,0,0,0,0,0,0,safe
3037,304,101,36.48,228,152.0,45.6,47,1,0,0,0,0,0,0,safe
2549,255,85,30.6,191,127.5,38.2,40,1,0,0,0,0,0,0,safe
2532,254,84,30.48,190,127.0,38.0,38,1,0,0,0,0,0,0,safe
2640,264,88,31.68,198,132.0,39.6,61,1,0,0,0,0,0,0,safe
2698,270,90,32.4,202,135.0,40.4,43,1,0,0,0,0,0,0,safe
2656,266,88,31.92,200,133.0,40.0,46,1,0,0,0,0,0,0,safe
2834,284,94,34.08,213,142.0,42.6,30,1,0,0,0,0,0,0,safe
2594,260,86,31.2,195,130.0,39.0,69,1,0,0,0,0,0,0,safe
2549,255,85,30.6,191,127.5,38.2,56,1,0,0,0,0,0,0,safe
3687,369,123,44.28,276,184.5,55.2,41,1,0,0,0,0,0,0,safe
2503,251,83,30.12,188,125.5,37.6,23,1,0,0,0,0,0,0,safe
2346,235,78,28.2,176,117.5,35.2,24,1,0,0,0,0,0,0,safe
2292,230,76,27.6,172,115.0,34.4,66,1,0,0,0,0,0,0,safe
1266,127,42,15.24,95,63.5,19.0,70,1,1,1,0,1,0,1,avoid
2383,239,79,28.68,179,119.5,35.8,53,1,0,0,0,0,0,0,safe
1717,172,57,20.64,129,86.0,25.8,26,1,0,0,0,0,0,0,safe
3376,338,112,40.56,254,169.0,50.8,23,1,0,0,0,0,0,0,safe
2354,236,78,28.32,177,118.0,35.4,56,1,0,0,0,0,0,0,safe
2114,212,70,25.44,159,106.0,31.8,36,1,0,0,0,0,0,0,safe
2309,231,77,27.72,173,115.5,34.6,56,1,0,0,0,0,0,0,safe
3368,337,112,40.44,253,168.5,50.6,46,1,0,0,0,0,0,0,safe
2197,220,73,26.4,165,110.0,33.0,50,1,0,0,0,0,0,0,safe
2466,247,82,29.64,185,123.5,37.0,45,1,0,0,0,0,0,0,safe
3037,304,101,36.48,228,152.0,45.6,21,1,0,0,0,0,0,0,safe
2226,223,74,26.76,167,111.5,33.4,64,1,0,0,0,0,0,0,safe
2023,203,67,24.36,152,101.5,30.4,64,1,0,0,0,0,0,0,safe
3335,334,111,40.08,250,167.0,50.0,66,1,0,0,0,0,0,0,safe
3480,348,116,41.76,261,174.0,52.2,22,1,0,0,0,0,0,0,safe
1634,164,54,19.68,123,82.0,24.6,39,1,0,0,0,0,0,0,safe
3343,335,111,40.2,251,167.5,50.2,28,1,0,0,0,0,0,0,safe
2706,271,90,32.52,203,135.5,40.6,70,1,0,0,0,0,0,0,safe
1709,171,57,20.52,128,85.5,25.6,29,1,0,0,0,0,0,0,safe
2594,260,86,31.2,195,130.0,39.0,55,1,0,0,0,0,0,0,safe
2081,209,69,25.08,156,104.5,31.2,44,1,0,0,0,0,0,0,safe
1986,199,66,23.88,149,99.5,29.8,67,1,0,0,0,0,0,0,safe
2768,277,92,33.24,208,138.5,41.6,29,1,0,0,0,0,0,0,safe
2437,244,81,29.28,183,122.0,36.6,27,1,0,0,0,0,0,0,safe
2586,259,86,31.08,194,129.5,38.8,58,1,0,0,0,0,0,0,safe
1349,135,45,16.2,101,67.5,20.2,62,1,1,1,0,1,0,1,avoid
2921,293,97,35.16,219,146.5,43.8,51,1,0,0,0,0,0,0,safe
2565,257,85,30.84,193,128.5,38.6,64,1,0,0,0,0,0,0,safe
1469,147,49,17.64,110,73.5,22.0,49,1,1,1,0,1,0,1,avoid
1957,196,65,23.52,147,98.0,29.4,57,1,0,0,0,0,0,0,safe
2462,246,82,29.52,185,123.0,37.0,52,1,0,0,0,0,0,0,safe
3269,327,109,39.24,245,163.5,49.0,39,1,0,0,0,0,0,0,safe
1568,157,52,18.84,118,78.5,23.6,45,1,0,0,0,0,0,0,safe
2040,204,68,24.48,153,102.0,30.6,25,1,0,0,0,0,0,0,safe
2292,230,76,27.6,172,115.0,34.4,27,1,0,0,0,0,0,0,safe
3335,334,111,40.08,250,167.0,50.0,41,1,0,0,0,0,0,0,safe
1709,171,57,20.52,128,85.5,25.6,53,1,0,0,0,0,0,0,safe
2226,223,74,26.76,167,111.5,33.4,46,1,0,0,0,0,0,0,safe
2768,277,92,33.24,208,138.5,41.6,22,1,0,0,0,0,0,0,safe
2458,246,82,29.52,184,123.0,36.8,68,1,0,0,0,0,0,0,safe
2594,260,86,31.2,195,130.0,39.0,56,1,0,0,0,0,0,0,safe
1618,162,54,19.44,121,81.0,24.2,34,1,0,0,0,0,0,0,safe
2532,254,84,30.48,190,127.0,38.0,48,1,0,0,0,0,0,0,safe
3099,310,103,37.2,233,155.0,46.6,48,1,0,0,0,0,0,0,safe
1299,130,43,15.6,98,65.0,19.6,60,1,1,1,0,1,0,1,avoid
2607,261,87,31.32,195,130.5,39.0,33,1,0,0,0,0,0,0,safe
1709,171,57,20.52,128,85.5,25.6,48,1,0,0,0,0,0,0,safe
2437,244,81,29.28,183,122.0,36.6,40,1,0,0,0,0,0,0,safe
2317,232,77,27.84,174,116.0,34.8,64,1,0,0,0,0,0,0,safe
1440,144,48,17.28,108,72.0,21.6,68,1,1,1,0,1,0,1,avoid
3066,307,102,36.84,230,153.5,46.0,62,1,0,0,0,0,0,0,safe
2168,217,72,26.04,163,108.5,32.6,47,1,0,0,0,0,0,0,safe
1891,189,63,22.68,142,94.5,28.4,66,1,0,0,0,0,0,0,safe
2114,212,70,25.44,159,106.0,31.8,70,1,0,0,0,0,0,0,safe
2983,299,99,35.88,224,149.5,44.8,55,1,0,0,0,0,0,0,safe
1994,200,66,24.0,150,100.0,30.0,18,1,0,0,0,0,0,0,safe
2789,279,93,33.48,209,139.5,41.8,40,1,0,0,0,0,0,0,safe
2925,293,97,35.16,220,146.5,44.0,44,1,0,0,0,0,0,0,safe
3157,316,105,37.92,237,158.0,47.4,21,1,0,0,0,0,0,0,safe
2081,209,69,25.08,156,104.5,31.2,49,1,0,0,0,0,0,0,safe
2106,211,70,25.32,158,105.5,31.6,67,1,0,0,0,0,0,0,safe
3306,331,110,39.72,248,165.5,49.6,19,1,0,0,0,0,0,0,safe
3157,316,105,37.92,237,158.0,47.4,27,1,0,0,0,0,0,0,safe
3149,315,105,37.8,236,157.5,47.2,19,1,0,0,0,0,0,0,safe
2847,285,95,34.2,213,142.5,42.6,53,1,0,0,0,0,0,0,safe
3360,336,112,40.32,252,168.0,50.4,65,1,0,0,0,0,0,0,safe
1895,190,63,22.8,142,95.0,28.4,37,1,0,0,0,0,0,0,safe
2325,233,77,27.96,175,116.5,35.0,69,1,0,0,0,0,0,0,safe
2135,214,71,25.68,160,107.0,32.0,43,1,0,0,0,0,0,0,safe
3124,313,104,37.56,234,156.5,46.8,62,1,0,0,0,0,0,0,safe
2325,233,77,27.96,175,116.5,35.0,19,1,0,0,0,0,0,0,safe
2503,251,83,30.12,188,125.5,37.6,47,1,0,0,0,0,0,0,safe
2011,201,67,24.12,151,100.5,30.2,19,1,0,0,0,0,0,0,safe
2805,281,93,33.72,211,140.5,42.2,52,1,0,0,0,0,0,0,safe
2226,223,74,26.76,167,111.5,33.4,64,1,0,0,0,0,0,0,safe
3178,318,106,38.16,238,159.0,47.6,29,1,0,0,0,0,0,0,safe
2760,276,92,33.12,207,138.0,41.4,46,1,0,0,0,0,0,0,safe
2317,232,77,27.84,174,116.0,34.8,25,1,0,0,0,0,0,0,safe
3447,345,115,41.4,258,172.5,51.6,28,1,0,0,0,0,0,0,safe
1680,168,56,20.16,126,84.0,25.2,49,1,0,0,0,0,0,0,safe
2131,213,71,25.56,160,106.5,32.0,40,1,0,0,0,0,0,0,safe
2557,256,85,30.72,192,128.0,38.4,69,1,0,0,0,0,0,0,safe
1936,194,64,23.28,146,97.0,29.2,54,1,0,0,0,0,0,0,safe
2383,239,79,28.68,179,119.5,35.8,27,1,0,0,0,0,0,0,safe
1887,189,63,22.68,141,94.5,28.2,24,1,0,0,0,0,0,0,safe
1717,172,57,20.64,129,86.0,25.8,42,1,0,0,0,0,0,0,safe
1804,181,60,21.72,135,90.5,27.0,57,1,0,0,0,0,0,0,safe
2743,275,91,33.0,206,137.5,41.2,60,1,0,0,0,0,0,0,safe
1837,184,61,22.08,138,92.0,27.6,27,1,0,0,0,0,0,0,safe
3360,336,112,40.32,252,168.0,50.4,45,1,0,0,0,0,0,0,safe
2069,207,69,24.84,155,103.5,31.0,37,1,0,0,0,0,0,0,safe
1576,158,52,18.96,119,79.0,23.8,29,1,0,0,0,0,0,0,safe
3178,318,106,38.16,238,159.0,47.6,50,1,0,0,0,0,0,0,safe
2052,206,68,24.72,154,103.0,30.8,52,1,0,0,0,0,0,0,safe
2652,266,88,31.92,199,133.0,39.8,61,1,0,0,0,0,0,0,safe
2578,258,86,30.96,193,129.0,38.6,41,1,0,0,0,0,0,0,safe
1808,181,60,21.72,136,90.5,27.2,40,1,0,0,0,0,0,0,safe
2131,213,71,25.56,160,106.5,32.0,37,1,0,0,0,0,0,0,safe
2880,288,96,34.56,216,144.0,43.2,44,1,0,0,0,0,0,0,safe
2677,268,89,32.16,201,134.0,40.2,36,1,0,0,0,0,0,0,safe
2917,292,97,35.04,219,146.0,43.8,56,1,0,0,0,0,0,0,safe
2797,280,93,33.6,210,140.0,42.0,20,1,0,0,0,0,0,0,safe
1423,143,47,17.16,107,71.5,21.4,52,1,1,1,0,1,0,1,avoid
2648,265,88,31.8,199,132.5,39.8,47,1,0,0,0,0,0,0,safe
2917,292,97,35.04,219,146.0,43.8,23,1,0,0,0,0,0,0,safe
3339,334,111,40.08,251,167.0,50.2,41,1,0,0,0,0,0,0,safe
1709,171,57,20.52,128,85.5,25.6,65,1,0,0,0,0,0,0,safe
3376,338,112,40.56,254,169.0,50.8,39,1,0,0,0,0,0,0,safe
1688,169,56,20.28,127,84.5,25.4,32,1,0,0,0,0,0,0,safe
2532,254,84,30.48,190,127.0,38.0,29,1,0,0,0,0,0,0,safe
1560,156,52,18.72,117,78.0,23.4,69,1,0,0,0,0,0,0,safe
3389,339,113,40.68,254,169.5,50.8,35,1,0,0,0,0,0,0,safe
2474,248,82,29.76,186,124.0,37.2,21,1,0,0,0,0,0,0,safe
1407,141,47,16.92,105,70.5,21.0,49,1,1,1,0,1,0,1,avoid
2263,227,75,27.24,170,113.5,34.0,70,1,0,0,0,0,0,0,safe
2834,284,94,34.08,213,142.0,42.6,63,1,0,0,0,0,0,0,safe
1626,163,54,19.56,122,81.5,24.4,42,1,0,0,0,0,0,0,safe
1295,130,43,15.6,97,65.0,19.4,49,1,1,1,0,1,0,1,avoid
1200,120,40,14.4,90,60.0,18.0,64,0,1,1,0,1,0,1,avoid
2474,248,82,29.76,186,124.0,37.2,21,1,0,0,0,0,0,0,safe
2346,235,78,28.2,176,117.5,35.2,39,1,0,0,0,0,0,0,safe
1597,160,53,19.2,120,80.0,24.0,38,1,0,0,0,0,0,0,safe
1634,164,54,19.68,123,82.0,24.6,69,1,0,0,0,0,0,0,safe
2263,227,75,27.24,170,113.5,34.0,57,1,0,0,0,0,0,0,safe
2280,228,76,27.36,171,114.0,34.2,43,1,0,0,0,0,0,0,safe
2383,239,79,28.68,179,119.5,35.8,42,1,0,0,0,0,0,0,safe
2048,205,68,24.6,154,102.5,30.8,28,1,0,0,0,0,0,0,safe
3343,335,111,40.2,251,167.5,50.2,20,1,0,0,0,0,0,0,safe
2615,262,87,31.44,196,131.0,39.2,41,1,0,0,0,0,0,0,safe
2938,294,98,35.28,220,147.0,44.0,18,1,0,0,0,0,0,0,safe
2656,266,88,31.92,200,133.0,40.0,66,1,0,0,0,0,0,0,safe
2495,250,83,30.0,187,125.0,37.4,37,1,0,0,0,0,0,0,safe
2863,287,95,34.44,215,143.5,43.0,46,1,0,0,0,0,0,0,safe
2222,222,74,26.64,167,111.0,33.4,34,1,0,0,0,0,0,0,safe
1961,197,65,23.64,147,98.5,29.4,56,1,0,0,0,0,0,0,safe
2557,256,85,30.72,192,128.0,38.4,70,1,0,0,0,0,0,0,safe
1469,147,49,17.64,110,73.5,22.0,66,1,1,1,0,1,0,1,avoid
2143,215,71,25.8,161,107.5,32.2,50,1,0,0,0,0,0,0,safe
3455,346,115,41.52,259,173.0,51.8,23,1,0,0,0,0,0,0,safe
2888,289,96,34.68,217,144.5,43.4,33,1,0,0,0,0,0,0,safe
1514,152,50,18.24,114,76.0,22.8,23,1,0,0,0,0,0,0,safe
1386,139,46,16.68,104,69.5,20.8,40,1,1,1,0,1,0,1,avoid
2077,208,69,24.96,156,104.0,31.2,20,1,0,0,0,0,0,0,safe
2623,263,87,31.56,197,131.5,39.4,21,1,0,0,0,0,0,0,safe
2909,291,97,34.92,218,145.5,43.6,33,1,0,0,0,0,0,0,safe
2466,247,82,29.64,185,123.5,37.0,41,1,0,0,0,0,0,0,safe
2884,289,96,34.68,216,144.5,43.2,63,1,0,0,0,0,0,0,safe
3757,376,125,45.12,282,188.0,56.4,69,1,0,0,0,0,0,0,safe
1800,180,60,21.6,135,90.0,27.0,43,1,0,0,0,0,0,0,safe
2582,258,86,30.96,194,129.0,38.8,51,1,0,0,0,0,0,0,safe
1775,178,59,21.36,133,89.0,26.6,41,1,0,0,0,0,0,0,safe
2069,207,69,24.84,155,103.5,31.0,64,1,0,0,0,0,0,0,safe
2251,225,75,27.0,169,112.5,33.8,40,1,0,0,0,0,0,0,safe
2371,237,79,28.44,178,118.5,35.6,67,1,0,0,0,0,0,0,safe
3629,363,121,43.56,272,181.5,54.4,21,1,0,0,0,0,0,0,safe
2805,281,93,33.72,211,140.5,42.2,52,1,0,0,0,0,0,0,safe
2048,205,68,24.6,154,102.5,30.8,21,1,0,0,0,0,0,0,safe
1800,180,60,21.6,135,90.0,27.0,25,1,0,0,0,0,0,0,safe
1994,200,66,24.0,150,100.0,30.0,58,1,0,0,0,0,0,0,safe
3103,311,103,37.32,233,155.5,46.6,19,1,0,0,0,0,0,0,safe
1709,171,57,20.52,128,85.5,25.6,32,1,0,0,0,0,0,0,safe
2954,296,98,35.52,222,148.0,44.4,55,1,0,0,0,0,0,0,safe
2106,211,70,25.32,158,105.5,31.6,37,1,0,0,0,0,0,0,safe
3327,333,111,39.96,249,166.5,49.8,30,1,0,0,0,0,0,0,safe
1994,200,66,24.0,150,100.0,30.0,52,1,0,0,0,0,0,0,safe
2383,239,79,28.68,179,119.5,35.8,42,1,0,0,0,0,0,0,safe
1626,163,54,19.56,122,81.5,24.4,56,1,0,0,0,0,0,0,safe
2921,293,97,35.16,219,146.5,43.8,24,1,0,0,0,0,0,0,safe
3095,310,103,37.2,232,155.0,46.4,18,1,0,0,0,0,0,0,safe
3000,300,100,36.0,225,150.0,45.0,19,1,0,0,0,0,0,0,safe
1874,188,62,22.56,141,94.0,28.2,47,1,0,0,0,0,0,0,safe
2896,290,96,34.8,218,145.0,43.6,29,1,0,0,0,0,0,0,safe
2847,285,95,34.2,213,142.5,42.6,47,1,0,0,0,0,0,0,safe
2818,282,94,33.84,211,141.0,42.2,69,1,0,0,0,0,0,0,safe
3157,316,105,37.92,237,158.0,47.4,69,1,0,0,0,0,0,0,safe
2714,272,90,32.64,204,136.0,40.8,44,1,0,0,0,0,0,0,safe
2594,260,86,31.2,195,130.0,39.0,56,1,0,0,0,0,0,0,safe
1423,143,47,17.16,107,71.5,21.4,23,1,1,1,0,1,0,1,avoid
3405,341,113,40.92,256,170.5,51.2,60,1,0,0,0,0,0,0,safe
2909,291,97,34.92,218,145.5,43.6,60,1,0,0,0,0,0,0,safe
2255,226,75,27.12,169,113.0,33.8,35,1,0,0,0,0,0,0,safe
2801,281,93,33.72,210,140.5,42.0,32,1,0,0,0,0,0,0,safe
2776,278,92,33.36,209,139.0,41.8,34,1,0,0,0,0,0,0,safe
1903,191,63,22.92,143,95.5,28.6,42,1,0,0,0,0,0,0,safe
2644,265,88,31.8,198,132.5,39.6,47,1,0,0,0,0,0,0,safe
2056,206,68,24.72,155,103.0,31.0,24,1,0,0,0,0,0,0,safe
1506,151,50,18.12,113,75.5,22.6,41,1,0,0,0,0,0,0,safe
1659,166,55,19.92,125,83.0,25.0,60,1,0,0,0,0,0,0,safe
1804,181,60,21.72,135,90.5,27.0,47,1,0,0,0,0,0,0,safe
2114,212,70,25.44,159,106.0,31.8,39,1,0,0,0,0,0,0,safe
1961,197,65,23.64,147,98.5,29.4,37,1,0,0,0,0,0,0,safe
2644,265,88,31.8,198,132.5,39.6,67,1,0,0,0,0,0,0,safe
1241,125,41,15.0,93,62.5,18.6,23,1,1,1,0,1,0,1,avoid
2011,201,67,24.12,151,100.5,30.2,66,1,0,0,0,0,0,0,safe
1440,144,48,17.28,108,72.0,21.6,38,1,1,1,0,1,0,1,avoid
2023,203,67,24.36,152,101.5,30.4,46,1,0,0,0,0,0,0,safe
1829,183,61,21.96,137,91.5,27.4,51,1,0,0,0,0,0,0,safe
2826,283,94,33.96,212,141.5,42.4,52,1,0,0,0,0,0,0,safe
3095,310,103,37.2,232,155.0,46.4,30,1,0,0,0,0,0,0,safe
2317,232,77,27.84,174,116.0,34.8,68,1,0,0,0,0,0,0,safe
2044,205,68,24.6,153,102.5,30.6,57,1,0,0,0,0,0,0,safe
3492,350,116,42.0,262,175.0,52.4,30,1,0,0,0,0,0,0,safe
2023,203,67,24.36,152,101.5,30.4,67,1,0,0,0,0,0,0,safe
1767,177,59,21.24,132,88.5,26.4,65,1,0,0,0,0,0,0,safe
3004,301,100,36.12,225,150.5,45.0,33,1,0,0,0,0,0,0,safe
2114,212,70,25.44,159,106.0,31.8,18,1,0,0,0,0,0,0,safe
2247,225,75,27.0,168,112.5,33.6,43,1,0,0,0,0,0,0,safe
3062,306,102,36.72,230,153.0,46.0,46,1,0,0,0,0,0,0,safe
1858,186,62,22.32,139,93.0,27.8,24,1,0,0,0,0,0,0,safe
2292,230,76,27.6,172,115.0,34.4,23,1,0,0,0,0,0,0,safe
2404,241,80,28.92,180,120.5,36.0,60,1,0,0,0,0,0,0,safe
3103,311,103,37.32,233,155.5,46.6,18,1,0,0,0,0,0,0,safe
3157,316,105,37.92,237,158.0,47.4,42,1,0,0,0,0,0,0,safe
1514,152,50,18.24,114,76.0,22.8,43,1,0,0,0,0,0,0,safe
2652,266,88,31.92,199,133.0,39.8,36,1,0,0,0,0,0,0,safe
1200,120,40,14.4,90,60.0,18.0,57,0,1,1,0,1,0,1,avoid
2578,258,86,30.96,193,129.0,38.6,29,1,0,0,0,0,0,0,safe
2048,205,68,24.6,154,102.5,30.8,34,1,0,0,0,0,0,0,safe
1932,194,64,23.28,145,97.0,29.0,63,1,0,0,0,0,0,0,safe
1299,130,43,15.6,98,65.0,19.6,49,1,1,1,0,1,0,1,avoid
2189,219,73,26.28,164,109.5,32.8,36,1,0,0,0,0,0,0,safe
2495,250,83,30.0,187,125.0,37.4,27,1,0,0,0,0,0,0,safe
1866,187,62,22.44,140,93.5,28.0,69,1,0,0,0,0,0,0,safe
2851,285,95,34.2,214,142.5,42.8,45,1,0,0,0,0,0,0,safe
2528,253,84,30.36,190,126.5,38.0,65,1,0,0,0,0,0,0,safe
3376,338,112,40.56,254,169.0,50.8,62,1,0,0,0,0,0,0,safe
1634,164,54,19.68,123,82.0,24.6,66,1,0,0,0,0,0,0,safe
3364,337,112,40.44,252,168.5,50.4,36,1,0,0,0,0,0,0,safe
1485,149,49,17.88,112,74.5,22.4,48,1,1,1,0,1,0,1,avoid
1903,191,63,22.92,143,95.5,28.6,31,1,0,0,0,0,0,0,safe
1200,120,40,14.4,90,60.0,18.0,58,0,1,1,0,1,0,1,avoid
2652,266,88,31.92,199,133.0,39.8,64,1,0,0,0,0,0,0,safe
1961,197,65,23.64,147,98.5,29.4,55,1,0,0,0,0,0,0,safe
1924,193,64,23.16,144,96.5,28.8,55,1,0,0,0,0,0,0,safe
2648,265,88,31.8,199,132.5,39.8,51,1,0,0,0,0,0,0,safe
3335,334,111,40.08,250,167.0,50.0,32,1,0,0,0,0,0,0,safe
3087,309,103,37.08,231,154.5,46.2,34,1,0,0,0,0,0,0,safe
3211,321,107,38.52,241,160.5,48.2,54,1,0,0,0,0,0,0,safe
1423,143,47,17.16,107,71.5,21.4,49,1,1,1,0,1,0,1,avoid
2557,256,85,30.72,192,128.0,38.4,29,1,0,0,0,0,0,0,safe
2611,261,87,31.32,196,130.5,39.2,70,1,0,0,0,0,0,0,safe
2077,208,69,24.96,156,104.0,31.2,19,1,0,0,0,0,0,0,safe
2317,232,77,27.84,174,116.0,34.8,31,1,0,0,0,0,0,0,safe
2135,214,71,25.68,160,107.0,32.0,32,1,0,0,0,0,0,0,safe
2131,213,71,25.56,160,106.5,32.0,22,1,0,0,0,0,0,0,safe
1208,121,40,14.52,91,60.5,18.2,54,1,1,1,0,1,0,1,avoid
1804,181,60,21.72,135,90.5,27.0,33,1,0,0,0,0,0,0,safe
2226,223,74,26.76,167,111.5,33.4,23,1,0,0,0,0,0,0,safe
2520,252,84,30.24,189,126.0,37.8,57,1,0,0,0,0,0,0,safe
3418,342,114,41.04,256,171.0,51.2,55,1,0,0,0,0,0,0,safe
1411,141,47,16.92,106,70.5,21.2,19,1,1,1,0,1,0,1,avoid
2445,245,81,29.4,184,122.5,36.8,63,1,0,0,0,0,0,0,safe
2549,255,85,30.6,191,127.5,38.2,38,1,0,0,0,0,0,0,safe
2077,208,69,24.96,156,104.0,31.2,25,1,0,0,0,0,0,0,safe
2168,217,72,26.04,163,108.5,32.6,38,1,0,0,0,0,0,0,safe
3600,360,120,43.2,270,180.0,54.0,45,1,0,0,0,0,0,0,safe
1936,194,64,23.28,146,97.0,29.2,22,1,0,0,0,0,0,0,safe
1680,168,56,20.16,126,84.0,25.2,67,1,0,0,0,0,0,0,safe
2714,272,90,32.64,204,136.0,40.8,31,1,0,0,0,0,0,0,safe
1200,120,40,14.4,90,60.0,18.0,35,0,1,1,0,1,0,1,avoid
1986,199,66,23.88,149,99.5,29.8,40,1,0,0,0,0,0,0,safe
2487,249,83,29.88,186,124.5,37.2,61,1,0,0,0,0,0,0,safe
2160,216,72,25.92,162,108.0,32.4,42,1,0,0,0,0,0,0,safe
3029,303,101,36.36,227,151.5,45.4,54,1,0,0,0,0,0,0,safe
1531,153,51,18.36,115,76.5,23.0,54,1,0,0,0,0,0,0,safe
1717,172,57,20.64,129,86.0,25.8,47,1,0,0,0,0,0,0,safe
1866,187,62,22.44,140,93.5,28.0,27,1,0,0,0,0,0,0,safe
2772,278,92,33.36,208,139.0,41.6,20,1,0,0,0,0,0,0,safe
2805,281,93,33.72,211,140.5,42.2,21,1,0,0,0,0,0,0,safe
3256,326,108,39.12,245,163.0,49.0,32,1,0,0,0,0,0,0,safe
2640,264,88,31.68,198,132.0,39.6,49,1,0,0,0,0,0,0,safe
2549,255,85,30.6,191,127.5,38.2,64,1,0,0,0,0,0,0,safe
1200,120,40,14.4,90,60.0,18.0,38,0,1,1,0,1,0,1,avoid
1949,195,65,23.4,146,97.5,29.2,18,1,0,0,0,0,0,0,safe
1899,190,63,22.8,143,95.0,28.6,56,1,0,0,0,0,0,0,safe
2371,237,79,28.44,178,118.5,35.6,67,1,0,0,0,0,0,0,safe
2102,210,70,25.2,158,105.0,31.6,39,1,0,0,0,0,0,0,safe
1266,127,42,15.24,95,63.5,19.0,66,1,1,1,0,1,0,1,avoid
1725,173,57,20.76,130,86.5,26.0,24,1,0,0,0,0,0,0,safe
3447,345,115,41.4,258,172.5,51.6,34,1,0,0,0,0,0,0,safe
2056,206,68,24.72,155,103.0,31.0,43,1,0,0,0,0,0,0,safe
1200,120,40,14.4,90,60.0,18.0,21,0,1,1,0,1,0,1,avoid
3848,385,128,46.2,289,192.5,57.8,28,1,0,0,0,0,0,0,safe
1452,146,48,17.52,109,73.0,21.8,41,1,1,1,0,1,0,1,avoid
2437,244,81,29.28,183,122.0,36.6,33,1,0,0,0,0,0,0,safe
3252,326,108,39.12,244,163.0,48.8,62,1,0,0,0,0,0,0,safe
2474,248,82,29.76,186,124.0,37.2,46,1,0,0,0,0,0,0,safe
3149,315,105,37.8,236,157.5,47.2,23,1,0,0,0,0,0,0,safe
2549,255,85,30.6,191,127.5,38.2,65,1,0,0,0,0,0,0,safe
2921,293,97,35.16,219,146.5,43.8,34,1,0,0,0,0,0,0,safe
3066,307,102,36.84,230,153.5,46.0,55,1,0,0,0,0,0,0,safe
2528,253,84,30.36,190,126.5,38.0,35,1,0,0,0,0,0,0,safe
3240,324,108,38.88,243,162.0,48.6,19,1,0,0,0,0,0,0,safe
1800,180,60,21.6,135,90.0,27.0,32,1,0,0,0,0,0,0,safe
3194,320,106,38.4,240,160.0,48.0,34,1,0,0,0,0,0,0,safe
2445,245,81,29.4,184,122.5,36.8,40,1,0,0,0,0,0,0,safe
2205,221,73,26.52,166,110.5,33.2,27,1,0,0,0,0,0,0,safe
2077,208,69,24.96,156,104.0,31.2,60,1,0,0,0,0,0,0,safe
2727,273,91,32.76,204,136.5,40.8,25,1,0,0,0,0,0,0,safe
2263,227,75,27.24,170,113.5,34.0,21,1,0,0,0,0,0,0,safe
2379,238,79,28.56,179,119.0,35.8,52,1,0,0,0,0,0,0,safe
3732,374,124,44.88,280,187.0,56.0,46,1,0,0,0,0,0,0,safe
2801,281,93,33.72,210,140.5,42.0,36,1,0,0,0,0,0,0,safe
2226,223,74,26.76,167,111.5,33.4,62,1,0,0,0,0,0,0,safe
2007,201,67,24.12,150,100.5,30.0,64,1,0,0,0,0,0,0,safe
3538,354,118,42.48,265,177.0,53.0,46,1,0,0,0,0,0,0,safe
2048,205,68,24.6,154,102.5,30.8,59,1,0,0,0,0,0,0,safe
2892,290,96,34.8,217,145.0,43.4,23,1,0,0,0,0,0,0,safe
2954,296,98,35.52,222,148.0,44.4,56,1,0,0,0,0,0,0,safe
1841,185,61,22.2,138,92.5,27.6,18,1,0,0,0,0,0,0,safe
3149,315,105,37.8,236,157.5,47.2,56,1,0,0,0,0,0,0,safe
3252,326,108,39.12,244,163.0,48.8,62,1,0,0,0,0,0,0,safe
2139,214,71,25.68,161,107.0,32.2,27,1,0,0,0,0,0,0,safe
2586,259,86,31.08,194,129.5,38.8,33,1,0,0,0,0,0,0,safe
2437,244,81,29.28,183,122.0,36.6,50,1,0,0,0,0,0,0,safe
2946,295,98,35.4,221,147.5,44.2,34,1,0,0,0,0,0,0,safe
2652,266,88,31.92,199,133.0,39.8,21,1,0,0,0,0,0,0,safe
2735,274,91,32.88,205,137.0,41.0,43,1,0,0,0,0,0,0,safe
2437,244,81,29.28,183,122.0,36.6,42,1,0,0,0,0,0,0,safe
3492,350,116,42.0,262,175.0,52.4,22,1,0,0,0,0,0,0,safe
1332,134,44,16.08,100,67.0,20.0,36,1,1,1,0,1,0,1,avoid
1200,120,40,14.4,90,60.0,18.0,58,0,1,1,0,1,0,1,avoid
2288,229,76,27.48,172,114.5,34.4,52,1,0,0,0,0,0,0,safe
2466,247,82,29.64,185,123.5,37.0,30,1,0,0,0,0,0,0,safe
3480,348,116,41.76,261,174.0,52.2,35,1,0,0,0,0,0,0,safe
2309,231,77,27.72,173,115.5,34.6,26,1,0,0,0,0,0,0,safe
3360,336,112,40.32,252,168.0,50.4,27,1,0,0,0,0,0,0,safe
2888,289,96,34.68,217,144.5,43.4,21,1,0,0,0,0,0,0,safe
2644,265,88,31.8,198,132.5,39.6,19,1,0,0,0,0,0,0,safe
1386,139,46,16.68,104,69.5,20.8,56,1,1,1,0,1,0,1,avoid
3045,305,101,36.6,229,152.5,45.8,39,1,0,0,0,0,0,0,safe
3732,374,124,44.88,280,187.0,56.0,25,1,0,0,0,0,0,0,safe
2189,219,73,26.28,164,109.5,32.8,64,1,0,0,0,0,0,0,safe
1564,157,52,18.84,117,78.5,23.4,25,1,0,0,0,0,0,0,safe
2714,272,90,32.64,204,136.0,40.8,39,1,0,0,0,0,0,0,safe
2615,262,87,31.44,196,131.0,39.2,63,1,0,0,0,0,0,0,safe
1775,178,59,21.36,133,89.0,26.6,25,1,0,0,0,0,0,0,safe
2354,236,78,28.32,177,118.0,35.4,63,1,0,0,0,0,0,0,safe
1597,160,53,19.2,120,80.0,24.0,64,1,0,0,0,0,0,0,safe
2056,206,68,24.72,155,103.0,31.0,31,1,0,0,0,0,0,0,safe
2085,209,69,25.08,157,104.5,31.4,45,1,0,0,0,0,0,0,safe
2284,229,76,27.48,171,114.5,34.2,61,1,0,0,0,0,0,0,safe
2367,237,79,28.44,177,118.5,35.4,22,1,0,0,0,0,0,0,safe
2040,204,68,24.48,153,102.0,30.6,39,1,0,0,0,0,0,0,safe
2176,218,72,26.16,164,109.0,32.8,64,1,0,0,0,0,0,0,safe
1775,178,59,21.36,133,89.0,26.6,50,1,0,0,0,0,0,0,safe
1709,171,57,20.52,128,85.5,25.6,48,1,0,0,0,0,0,0,safe
3637,364,121,43.68,273,182.0,54.6,22,1,0,0,0,0,0,0,safe
2669,267,89,32.04,200,133.5,40.0,38,1,0,0,0,0,0,0,safe
2404,241,80,28.92,180,120.5,36.0,47,1,0,0,0,0,0,0,safe
1647,165,55,19.8,123,82.5,24.6,60,1,0,0,0,0,0,0,safe
2797,280,93,33.6,210,140.0,42.0,68,1,0,0,0,0,0,0,safe
2834,284,94,34.08,213,142.0,42.6,41,1,0,0,0,0,0,0,safe
1200,120,40,14.4,90,60.0,18.0,65,0,1,1,0,1,0,1,avoid
2255,226,75,27.12,169,113.0,33.8,69,1,0,0,0,0,0,0,safe
1800,180,60,21.6,135,90.0,27.0,55,1,0,0,0,0,0,0,safe
2069,207,69,24.84,155,103.5,31.0,38,1,0,0,0,0,0,0,safe
2077,208,69,24.96,156,104.0,31.2,25,1,0,0,0,0,0,0,safe
1858,186,62,22.32,139,93.0,27.8,57,1,0,0,0,0,0,0,safe
2284,229,76,27.48,171,114.5,34.2,56,1,0,0,0,0,0,0,safe
3302,330,110,39.6,248,165.0,49.6,23,1,0,0,0,0,0,0,safe
3016,302,100,36.24,227,151.0,45.4,20,1,0,0,0,0,0,0,safe
2892,290,96,34.8,217,145.0,43.4,47,1,0,0,0,0,0,0,safe
1560,156,52,18.72,117,78.0,23.4,35,1,0,0,0,0,0,0,safe
2019,202,67,24.24,152,101.0,30.4,54,1,0,0,0,0,0,0,safe
2052,206,68,24.72,154,103.0,30.8,46,1,0,0,0,0,0,0,safe
1448,145,48,17.4,109,72.5,21.8,59,1,1,1,0,1,0,1,avoid
2714,272,90,32.64,204,136.0,40.8,46,1,0,0,0,0,0,0,safe
2640,264,88,31.68,198,132.0,39.6,39,1,0,0,0,0,0,0,safe
1816,182,60,21.84,137,91.0,27.4,40,1,0,0,0,0,0,0,safe
2218,222,74,26.64,166,111.0,33.2,42,1,0,0,0,0,0,0,safe
2549,255,85,30.6,191,127.5,38.2,39,1,0,0,0,0,0,0,safe
2776,278,92,33.36,209,139.0,41.8,34,1,0,0,0,0,0,0,safe
3240,324,108,38.88,243,162.0,48.6,23,1,0,0,0,0,0,0,safe
2172,218,72,26.16,163,109.0,32.6,62,1,0,0,0,0,0,0,safe
1357,136,45,16.32,102,68.0,20.4,69,1,1,1,0,1,0,1,avoid
2578,258,86,30.96,193,129.0,38.6,30,1,0,0,0,0,0,0,safe
2114,212,70,25.44,159,106.0,31.8,60,1,0,0,0,0,0,0,safe
2445,245,81,29.4,184,122.5,36.8,43,1,0,0,0,0,0,0,safe
2731,273,91,32.76,205,136.5,41.0,68,1,0,0,0,0,0,0,safe
2731,273,91,32.76,205,136.5,41.0,39,1,0,0,0,0,0,0,safe
2205,221,73,26.52,166,110.5,33.2,54,1,0,0,0,0,0,0,safe
1845,185,61,22.2,139,92.5,27.8,54,1,0,0,0,0,0,0,safe
3600,360,120,43.2,270,180.0,54.0,52,1,0,0,0,0,0,0,safe
3157,316,105,37.92,237,158.0,47.4,53,1,0,0,0,0,0,0,safe
1957,196,65,23.52,147,98.0,29.4,54,1,0,0,0,0,0,0,safe
1858,186,62,22.32,139,93.0,27.8,30,1,0,0,0,0,0,0,safe
1978,198,66,23.76,148,99.0,29.6,45,1,0,0,0,0,0,0,safe
2280,228,76,27.36,171,114.0,34.2,56,1,0,0,0,0,0,0,safe
2106,211,70,25.32,158,105.5,31.6,65,1,0,0,0,0,0,0,safe
1634,164,54,19.68,123,82.0,24.6,25,1,0,0,0,0,0,0,safe
3095,310,103,37.2,232,155.0,46.4,25,1,0,0,0,0,0,0,safe
2429,243,81,29.16,182,121.5,36.4,59,1,0,0,0,0,0,0,safe
2615,262,87,31.44,196,131.0,39.2,28,1,0,0,0,0,0,0,safe
3178,318,106,38.16,238,159.0,47.6,52,1,0,0,0,0,0,0,safe
2437,244,81,29.28,183,122.0,36.6,46,1,0,0,0,0,0,0,safe
2412,242,80,29.04,181,121.0,36.2,58,1,0,0,0,0,0,0,safe
1866,187,62,22.44,140,93.5,28.0,37,1,0,0,0,0,0,0,safe
4047,405,135,48.6,303,202.5,60.6,35,1,0,0,0,0,0,0,safe
1771,177,59,21.24,133,88.5,26.6,58,1,0,0,0,0,0,0,safe
1663,167,55,20.04,125,83.5,25.0,49,1,0,0,0,0,0,0,safe
1506,151,50,18.12,113,75.5,22.6,62,1,0,0,0,0,0,0,safe
1986,199,66,23.88,149,99.5,29.8,47,1,0,0,0,0,0,0,safe
2044,205,68,24.6,153,102.5,30.6,32,1,0,0,0,0,0,0,safe
2909,291,97,34.92,218,145.5,43.6,61,1,0,0,0,0,0,0,safe
1564,157,52,18.84,117,78.5,23.4,44,1,0,0,0,0,0,0,safe
3252,326,108,39.12,244,163.0,48.8,43,1,0,0,0,0,0,0,safe
3327,333,111,39.96,249,166.5,49.8,24,1,0,0,0,0,0,0,safe
2743,275,91,33.0,206,137.5,41.2,29,1,0,0,0,0,0,0,safe
1618,162,54,19.44,121,81.0,24.2,45,1,0,0,0,0,0,0,safe
3000,300,100,36.0,225,150.0,45.0,39,1,0,0,0,0,0,0,safe
1982,198,66,23.76,149,99.0,29.8,52,1,0,0,0,0,0,0,safe
3496,350,116,42.0,263,175.0,52.6,21,1,0,0,0,0,0,0,safe
3674,368,122,44.16,276,184.0,55.2,22,1,0,0,0,0,0,0,safe
2106,211,70,25.32,158,105.5,31.6,38,1,0,0,0,0,0,0,safe
2325,233,77,27.96,175,116.5,35.0,45,1,0,0,0,0,0,0,safe
1866,187,62,22.44,140,93.5,28.0,38,1,0,0,0,0,0,0,safe
1924,193,64,23.16,144,96.5,28.8,48,1,0,0,0,0,0,0,safe
2532,254,84,30.48,190,127.0,38.0,21,1,0,0,0,0,0,0,safe
3298,330,110,39.6,247,165.0,49.4,69,1,0,0,0,0,0,0,safe
2764,277,92,33.24,207,138.5,41.4,68,1,0,0,0,0,0,0,safe
3786,379,126,45.48,284,189.5,56.8,30,1,0,0,0,0,0,0,safe
2292,230,76,27.6,172,115.0,34.4,20,1,0,0,0,0,0,0,safe
2967,297,99,35.64,222,148.5,44.4,66,1,0,0,0,0,0,0,safe
2743,275,91,33.0,206,137.5,41.2,28,1,0,0,0,0,0,0,safe
1895,190,63,22.8,142,95.0,28.4,68,1,0,0,0,0,0,0,safe
2288,229,76,27.48,172,114.5,34.4,30,1,0,0,0,0,0,0,safe
2917,292,97,35.04,219,146.0,43.8,70,1,0,0,0,0,0,0,safe
2532,254,84,30.48,190,127.0,38.0,20,1,0,0,0,0,0,0,safe
2416,242,80,29.04,182,121.0,36.4,23,1,0,0,0,0,0,0,safe
2052,206,68,24.72,154,103.0,30.8,29,1,0,0,0,0,0,0,safe
1709,171,57,20.52,128,85.5,25.6,54,1,0,0,0,0,0,0,safe
1957,196,65,23.52,147,98.0,29.4,48,1,0,0,0,0,0,0,safe
2743,275,91,33.0,206,137.5,41.2,68,1,0,0,0,0,0,0,safe
3016,302,100,36.24,227,151.0,45.4,65,1,0,0,0,0,0,0,safe
1841,185,61,22.2,138,92.5,27.6,32,1,0,0,0,0,0,0,safe
2114,212,70,25.44,159,106.0,31.8,46,1,0,0,0,0,0,0,safe
2160,216,72,25.92,162,108.0,32.4,70,1,0,0,0,0,0,0,safe
2044,205,68,24.6,153,102.5,30.6,50,1,0,0,0,0,0,0,safe
2309,231,77,27.72,173,115.5,34.6,35,1,0,0,0,0,0,0,safe
1874,188,62,22.56,141,94.0,28.2,41,1,0,0,0,0,0,0,safe
1229,123,41,14.76,92,61.5,18.4,63,1,1,1,0,1,0,1,avoid
2648,265,88,31.8,199,132.5,39.8,51,1,0,0,0,0,0,0,safe
1721,173,57,20.76,129,86.5,25.8,32,1,0,0,0,0,0,0,safe
2346,235,78,28.2,176,117.5,35.2,52,1,0,0,0,0,0,0,safe
2623,263,87,31.56,197,131.5,39.4,40,1,0,0,0,0,0,0,safe
2023,203,67,24.36,152,101.5,30.4,21,1,0,0,0,0,0,0,safe
2056,206,68,24.72,155,103.0,31.0,19,1,0,0,0,0,0,0,safe
1994,200,66,24.0,150,100.0,30.0,45,1,0,0,0,0,0,0,safe
3364,337,112,40.44,252,168.5,50.4,21,1,0,0,0,0,0,0,safe
3368,337,112,40.44,253,168.5,50.6,59,1,0,0,0,0,0,0,safe
2594,260,86,31.2,195,130.0,39.0,28,1,0,0,0,0,0,0,safe
3372,338,112,40.56,253,169.0,50.6,50,1,0,0,0,0,0,0,safe
3186,319,106,38.28,239,159.5,47.8,22,1,0,0,0,0,0,0,safe
2714,272,90,32.64,204,136.0,40.8,30,1,0,0,0,0,0,0,safe
1245,125,41,15.0,94,62.5,18.8,32,1,1,1,0,1,0,1,avoid
1200,120,40,14.4,90,60.0,18.0,67,0,1,1,0,1,0,1,avoid
2834,284,94,34.08,213,142.0,42.6,51,1,0,0,0,0,0,0,safe
1837,184,61,22.08,138,92.0,27.6,43,1,0,0,0,0,0,0,safe
2549,255,85,30.6,191,127.5,38.2,67,1,0,0,0,0,0,0,safe
1680,168,56,20.16,126,84.0,25.2,25,1,0,0,0,0,0,0,safe
3509,351,117,42.12,263,175.5,52.6,21,1,0,0,0,0,0,0,safe
1767,177,59,21.24,132,88.5,26.4,50,1,0,0,0,0,0,0,safe
1258,126,42,15.12,94,63.0,18.8,53,1,1,1,0,1,0,1,avoid
2102,210,70,25.2,158,105.0,31.6,38,1,0,0,0,0,0,0,safe
2549,255,85,30.6,191,127.5,38.2,57,1,0,0,0,0,0,0,safe
3314,332,110,39.84,249,166.0,49.8,40,1,0,0,0,0,0,0,safe
1862,186,62,22.32,140,93.0,28.0,54,1,0,0,0,0,0,0,safe
2020,250,60,30.0,120,125.0,24.0,25,1,0,0,0,0,0,0,safe
1480,200,40,24.0,80,100.0,16.0,32,1,1,1,0,0,0,0,safe
2185,300,65,36.0,100,150.0,20.0,48,1,0,0,0,0,0,0,safe
2680,350,80,42.0,140,175.0,28.0,55,1,0,0,0,0,0,0,safe
1815,250,55,30.0,80,125.0,16.0,62,1,0,0,0,0,0,0,safe
1565,220,45,26.4,70,110.0,14.0,68,1,1,1,1,0,0,0,caution
2840,350,80,42.0,180,175.0,36.0,28,1,0,0,0,0,0,0,safe
2220,300,60,36.0,120,150.0,24.0,35,1,0,0,0,0,0,0,safe
3005,400,85,48.0,160,200.0,32.0,42,1,0,0,0,0,0,0,safe
1670,230,50,27.6,75,115.0,15.0,58,1,0,0,1,0,0,0,safe
2020,250,60,30.0,120,125.0,24.0,25,1,0,0,0,0,0,0,safe
2230,300,70,36.0,100,150.0,20.0,32,1,0,0,0,0,0,0,safe
2520,350,80,42.0,100,175.0,20.0,48,1,0,0,0,0,0,0,safe
1650,200,50,24.0,100,100.0,20.0,55,1,0,0,0,0,0,0,safe
3100,400,100,48.0,150,200.0,30.0,62,1,0,0,0,0,0,0,safe
1940,250,60,30.0,100,125.0,20.0,28,1,0,0,0,0,0,0,safe
2520,300,80,36.0,150,150.0,30.0,35,1,0,0,0,0,0,0,safe
2230,300,70,36.0,100,150.0,20.0,40,1,0,0,0,0,0,0,safe
2850,350,90,42.0,160,175.0,32.0,22,1,0,0,0,0,0,0,safe
1400,180,40,21.6,80,90.0,16.0,58,1,1,1,0,0,0,0,safe
1850,250,50,30.0,100,125.0,20.0,24,1,0,0,0,0,0,0,safe
2760,350,80,42.0,160,175.0,32.0,38,1,0,0,0,0,0,0,safe
1480,200,40,24.0,80,100.0,16.0,55,1,1,1,0,0,0,0,safe
2140,280,60,33.6,120,140.0,24.0,62,1,0,0,0,0,0,0,safe
2470,320,70,38.4,140,160.0,28.0,28,1,0,0,0,0,0,0,safe
1890,250,50,30.0,110,125.0,22.0,45,1,0,0,0,0,0,0,safe
1315,180,35,21.6,70,90.0,14.0,68,1,1,1,1,0,0,0,caution
3130,400,90,48.0,180,200.0,36.0,32,1,0,0,0,0,0,0,safe
1810,240,50,28.8,100,120.0,20.0,58,1,0,0,0,0,0,0,safe
1480,200,40,24.0,80,100.0,16.0,22,1,1,1,0,0,0,0,safe
1660,200,60,24.0,80,100.0,16.0,25,1,0,0,0,0,0,0,safe
2320,250,80,30.0,150,125.0,30.0,38,1,0,0,0,0,0,0,safe
1430,180,50,21.6,65,90.0,13.0,55,1,0,0,1,0,0,0,safe
2900,300,100,36.0,200,150.0,40.0,42,1,0,0,0,0,0,0,safe
1180,150,40,18.0,55,75.0,11.0,62,1,1,1,1,0,0,0,caution
2030,220,70,26.4,130,110.0,26.0,28,1,0,0,0,0,0,0,safe
1490,190,50,22.8,70,95.0,14.0,31,1,0,0,1,0,0,0,safe
1990,240,70,28.8,100,120.0,20.0,58,1,0,0,0,0,0,0,safe
1780,200,60,24.0,110,100.0,22.0,22,1,0,0,0,0,0,0,safe
1780,220,60,26.4,90,110.0,18.0,45,1,0,0,0,0,0,0,safe
2020,250,60,30.0,120,125.0,24.0,25,1,0,0,0,0,0,0,safe
1740,200,60,24.0,100,100.0,20.0,32,1,0,0,0,0,0,0,safe
1770,250,50,30.0,80,125.0,16.0,55,1,0,0,0,0,0,0,safe
1490,180,50,21.6,80,90.0,16.0,68,1,0,0,0,0,0,0,safe
2760,350,80,42.0,160,175.0,32.0,28,1,0,0,0,0,0,0,safe
1570,200,50,24.0,80,100.0,16.0,38,1,0,0,0,0,0,0,safe
1940,270,60,32.4,80,135.0,16.0,62,1,0,0,0,0,0,0,safe
2230,280,70,33.6,120,140.0,24.0,45,1,0,0,0,0,0,0,safe
1570,200,50,24.0,80,100.0,16.0,22,1,0,0,0,0,0,0,safe
1770,250,50,30.0,80,125.0,16.0,58,1,0,0,0,0,0,0,safe
2065,250,65,30.0,120,125.0,24.0,25,1,0,0,0,0,0,0,safe
2230,300,70,36.0,100,150.0,20.0,32,1,0,0,0,0,0,0,safe
2810,350,90,42.0,150,175.0,30.0,48,1,0,0,0,0,0,0,safe
1570,200,50,24.0,80,100.0,16.0,55,1,0,0,0,0,0,0,safe
2640,350,80,42.0,130,175.0,26.0,28,1,0,0,0,0,0,0,safe
1780,220,60,26.4,90,110.0,18.0,62,1,0,0,0,0,0,0,safe
2395,320,75,38.4,110,160.0,22.0,35,1,0,0,0,0,0,0,safe
2065,270,65,32.4,100,135.0,20.0,22,1,0,0,0,0,0,0,safe
2355,300,75,36.0,120,150.0,24.0,58,1,0,0,0,0,0,0,safe
1945,250,65,30.0,90,125.0,18.0,40,1,0,0,0,0,0,0,safe
2760,350,80,42.0,160,175.0,32.0,25,1,0,0,0,0,0,0,safe
1730,220,50,26.4,100,110.0,20.0,32,1,0,0,0,0,0,0,safe
2020,250,60,30.0,120,125.0,24.0,55,1,0,0,0,0,0,0,safe
2390,300,70,36.0,140,150.0,28.0,28,1,0,0,0,0,0,0,safe
1400,180,40,21.6,80,90.0,16.0,62,1,1,1,0,0,0,0,safe
3130,400,90,48.0,180,200.0,36.0,21,1,0,0,0,0,0,0,safe
1320,160,40,19.2,80,80.0,16.0,35,1,1,1,0,0,0,0,safe
1530,190,50,22.8,80,95.0,16.0,68,1,0,0,0,0,0,0,safe
1740,200,60,24.0,100,100.0,20.0,25,1,0,0,0,0,0,0,safe
2640,300,80,36.0,180,150.0,36.0,32,1,0,0,0,0,0,0,safe
1830,220,70,26.4,80,110.0,16.0,48,1,0,0,0,0,0,0,safe
2390,280,70,33.6,160,140.0,32.0,55,1,0,0,0,0,0,0,safe
1490,180,50,21.6,80,90.0,16.0,62,1,0,0,0,0,0,0,safe
3010,350,90,42.0,200,175.0,40.0,28,1,0,0,0,0,0,0,safe
1410,170,50,20.4,70,85.0,14.0,35,1,0,0,1,0,0,0,safe
2270,260,70,31.2,150,130.0,30.0,42,1,0,0,0,0,0,0,safe
1660,190,60,22.8,90,95.0,18.0,21,1,0,0,0,0,0,0,safe
1830,230,70,27.6,70,115.0,14.0,58,1,0,0,1,0,0,0,safe
2020,250,60,30.0,120,125.0,24.0,25,1,0,0,0,0,0,0,safe
1740,220,60,26.4,80,110.0,16.0,38,1,0,0,0,0,0,0,safe
2640,300,80,36.0,180,150.0,36.0,62,1,0,0,0,0,0,0,safe
2060,280,60,33.6,100,140.0,20.0,45,1,0,0,0,0,0,0,safe
2110,270,70,32.4,100,135.0,20.0,58,1,0,0,0,0,0,0,safe
1940,250,60,30.0,100,125.0,20.0,22,1,0,0,0,0,0,0,safe
1740,220,60,26.4,80,110.0,16.0,68,1,0,0,0,0,0,0,safe
2400,300,80,36.0,120,150.0,24.0,30,1,0,0,0,0,0,0,safe
1780,230,60,27.6,80,115.0,16.0,55,1,0,0,0,0,0,0,safe
2940,350,100,42.0,160,175.0,32.0,28,1,0,0,0,0,0,0,safe
1740,200,60,24.0,100,100.0,20.0,25,1,0,0,0,0,0,0,safe
2840,350,80,42.0,180,175.0,36.0,32,1,0,0,0,0,0,0,safe
1490,180,50,21.6,80,90.0,16.0,55,1,0,0,0,0,0,0,safe
3050,400,90,48.0,160,200.0,32.0,40,1,0,0,0,0,0,0,safe
2310,280,70,33.6,140,140.0,28.0,62,1,0,0,0,0,0,0,safe
1280,160,40,19.2,70,80.0,14.0,28,1,1,1,1,0,0,0,caution
1780,220,60,26.4,90,110.0,18.0,38,1,0,0,0,0,0,0,safe
2720,350,80,42.0,150,175.0,30.0,58,1,0,0,0,0,0,0,safe
2920,380,80,45.6,170,190.0,34.0,22,1,0,0,0,0,0,0,safe
1530,190,50,22.8,80,95.0,16.0,45,1,0,0,0,0,0,0,safe
1550,200,50,24.0,75,100.0,15.0,28,1,0,0,1,0,0,0,safe
2190,300,70,36.0,90,150.0,18.0,55,1,0,0,0,0,0,0,safe
2340,350,60,42.0,100,175.0,20.0,32,1,0,0,0,0,0,0,safe
1815,250,55,30.0,80,125.0,16.0,22,1,0,0,0,0,0,0,safe
1610,220,50,26.4,70,110.0,14.0,62,1,0,0,1,0,0,0,safe
2720,380,80,45.6,120,190.0,24.0,25,1,0,0,0,0,0,0,safe
1815,250,55,30.0,80,125.0,16.0,40,1,0,0,0,0,0,0,safe
2045,280,65,33.6,85,140.0,17.0,38,1,0,0,0,0,0,0,safe
2100,300,60,36.0,90,150.0,18.0,20,1,0,0,0,0,0,0,safe
2150,300,70,36.0,80,150.0,16.0,58,1,0,0,0,0,0,0,safe
2140,250,60,30.0,150,125.0,30.0,25,1,0,0,0,0,0,0,safe
1650,200,50,24.0,100,100.0,20.0,38,1,0,0,0,0,0,0,safe
1640,200,40,24.0,120,100.0,24.0,55,1,1,1,0,0,0,0,safe
1400,180,40,21.6,80,90.0,16.0,62,1,1,1,0,0,0,0,safe
2640,300,80,36.0,180,150.0,36.0,28,1,0,0,0,0,0,0,safe
1890,220,50,26.4,140,110.0,28.0,32,1,0,0,0,0,0,0,safe
1480,180,40,21.6,100,90.0,20.0,68,1,1,1,0,0,0,0,safe
2350,280,70,33.6,150,140.0,30.0,45,1,0,0,0,0,0,0,safe
1190,160,30,19.2,70,80.0,14.0,72,0,1,1,1,0,0,0,caution
2300,280,60,33.6,160,140.0,32.0,21,1,0,0,0,0,0,0,safe
2020,250,60,30.0,120,125.0,24.0,25,1,0,0,0,0,0,0,safe
1740,200,60,24.0,100,100.0,20.0,30,1,0,0,0,0,0,0,safe
1530,180,50,21.6,90,90.0,18.0,55,1,0,0,0,0,0,0,safe
2350,300,70,36.0,130,150.0,26.0,22,1,0,0,0,0,0,0,safe
1280,160,40,19.2,70,80.0,14.0,60,1,1,1,1,0,0,0,caution
2720,350,80,42.0,150,175.0,30.0,28,1,0,0,0,0,0,0,safe
1530,180,50,21.6,90,90.0,18.0,35,1,0,0,0,0,0,0,safe
1860,220,60,26.4,110,110.0,22.0,48,1,0,0,0,0,0,0,safe
1240,150,40,18.0,70,75.0,14.0,65,1,1,1,1,0,0,0,caution
2140,280,60,33.6,120,140.0,24.0,19,1,0,0,0,0,0,0,safe
2020,250,60,30.0,120,125.0,24.0,25,1,0,0,0,0,0,0,safe
1650,220,50,26.4,80,110.0,16.0,38,1,0,0,0,0,0,0,safe
1545,200,45,24.0,85,100.0,17.0,55,1,1,1,0,0,0,0,safe
2475,300,75,36.0,150,150.0,30.0,22,1,0,0,0,0,0,0,safe
1380,180,40,21.6,75,90.0,15.0,62,1,1,1,1,0,0,0,caution
2930,350,90,42.0,180,175.0,36.0,30,1,0,0,0,0,0,0,safe
1405,180,45,21.6,70,90.0,14.0,28,1,1,1,1,0,0,0,caution
2270,280,70,33.6,130,140.0,26.0,40,1,0,0,0,0,0,0,safe
1550,200,50,24.0,75,100.0,15.0,21,1,0,0,1,0,0,0,safe
1570,200,50,24.0,80,100.0,16.0,58,1,0,0,0,0,0,0,safe
1650,200,50,24.0,100,100.0,20.0,25,1,0,0,0,0,0,0,safe
2430,300,70,36.0,150,150.0,30.0,32,1,0,0,0,0,0,0,safe
1280,150,40,18.0,80,75.0,16.0,55,1,1,1,0,0,0,0,safe
2020,250,60,30.0,120,125.0,24.0,40,1,0,0,0,0,0,0,safe
1115,130,35,15.6,70,65.0,14.0,68,1,1,1,1,1,0,1,avoid
2840,350,80,42.0,180,175.0,36.0,28,1,0,0,0,0,0,0,safe
1655,200,55,24.0,90,100.0,18.0,35,1,0,0,0,0,0,0,safe
2560,300,80,36.0,160,150.0,32.0,52,1,0,0,0,0,0,0,safe
1400,180,40,21.6,80,90.0,16.0,22,1,1,1,0,0,0,0,safe
1900,230,60,27.6,110,115.0,22.0,47,1,0,0,0,0,0,0,safe
1740,200,60,24.0,100,100.0,20.0,28,1,0,0,0,0,0,0,safe
2320,300,80,36.0,100,150.0,20.0,35,1,0,0,0,0,0,0,safe
1260,150,40,18.0,75,75.0,15.0,55,1,1,1,1,0,0,0,caution
2110,250,70,30.0,120,125.0,24.0,62,1,0,0,0,0,0,0,safe
2520,300,80,36.0,150,150.0,30.0,22,1,0,0,0,0,0,0,safe
2690,350,90,42.0,120,175.0,24.0,40,1,0,0,0,0,0,0,safe
1660,200,60,24.0,80,100.0,16.0,68,1,0,0,0,0,0,0,safe
1490,180,50,21.6,80,90.0,16.0,70,1,0,0,0,0,0,0,safe
2030,250,70,30.0,100,125.0,20.0,33,1,0,0,0,0,0,0,safe
2400,300,80,36.0,120,150.0,24.0,25,1,0,0,0,0,0,0,safe
1820,200,60,24.0,120,100.0,24.0,25,1,0,0,0,0,0,0,safe
1770,250,50,30.0,80,125.0,16.0,55,1,0,0,0,0,0,0,safe
2760,350,80,42.0,160,175.0,32.0,32,1,0,0,0,0,0,0,safe
1360,180,40,21.6,70,90.0,14.0,68,1,1,1,1,0,0,0,caution
2070,220,70,26.4,140,110.0,28.0,42,1,0,0,0,0,0,0,safe
1400,200,40,24.0,60,100.0,12.0,58,1,1,1,1,0,0,0,caution
1570,180,50,21.6,100,90.0,20.0,35,1,0,0,0,0,0,0,safe
1480,210,40,25.2,70,105.0,14.0,72,1,1,1,1,0,0,0,caution
1690,230,50,27.6,80,115.0,16.0,48,1,0,0,0,0,0,0,safe
2230,250,70,30.0,150,125.0,30.0,25,1,0,0,0,0,0,0,safe
1660,200,60,24.0,80,100.0,16.0,32,1,0,0,0,0,0,0,safe
1805,220,65,26.4,85,110.0,17.0,55,1,0,0,0,0,0,0,safe
3100,350,100,42.0,200,175.0,40.0,40,1,0,0,0,0,0,0,safe
2400,280,80,33.6,140,140.0,28.0,28,1,0,0,0,0,0,0,safe
2030,240,70,28.8,110,120.0,22.0,62,1,0,0,0,0,0,0,safe
1825,220,65,26.4,90,110.0,18.0,35,1,0,0,0,0,0,0,safe
3390,380,110,45.6,220,190.0,44.0,22,1,0,0,0,0,0,0,safe
1930,230,70,27.6,95,115.0,19.0,48,1,0,0,0,0,0,0,safe
2770,320,90,38.4,170,160.0,34.0,21,1,0,0,0,0,0,0,safe
2020,250,60,30.0,120,125.0,24.0,25,1,0,0,0,0,0,0,safe
1650,220,50,26.4,80,110.0,16.0,32,1,0,0,0,0,0,0,safe
1650,200,50,24.0,100,100.0,20.0,58,1,0,0,0,0,0,0,safe
2430,300,70,36.0,150,150.0,30.0,28,1,0,0,0,0,0,0,safe
1360,180,40,21.6,70,90.0,14.0,62,1,1,1,1,0,0,0,caution
1860,220,60,26.4,110,110.0,22.0,45,1,0,0,0,0,0,0,safe
1940,250,60,30.0,100,125.0,20.0,21,1,0,0,0,0,0,0,safe
1570,200,50,24.0,80,100.0,16.0,68,1,0,0,0,0,0,0,safe
2310,280,70,33.6,140,140.0,28.0,35,1,0,0,0,0,0,0,safe
1240,160,40,19.2,60,80.0,12.0,55,1,1,1,1,0,0,0,caution
1450,180,50,21.6,70,90.0,14.0,25,1,0,0,1,0,0,0,safe
1990,250,70,30.0,90,125.0,18.0,58,1,0,0,0,0,0,0,safe
1200,150,40,18.0,60,75.0,12.0,32,1,1,1,1,0,0,0,caution
2400,300,80,36.0,120,150.0,24.0,62,1,0,0,0,0,0,0,safe
1660,200,60,24.0,80,100.0,16.0,28,1,0,0,0,0,0,0,safe
1820,220,60,26.4,100,110.0,20.0,45,1,0,0,0,0,0,0,safe
1450,180,50,21.6,70,90.0,14.0,68,1,0,0,1,0,0,0,safe
2650,320,90,38.4,140,160.0,28.0,35,1,0,0,0,0,0,0,safe
1345,170,45,20.4,65,85.0,13.0,21,1,1,1,1,0,0,0,caution
1950,240,70,28.8,90,120.0,18.0,55,1,0,0,0,0,0,0,safe
2020,250,60,30.0,120,125.0,24.0,25,1,0,0,0,0,0,0,safe
1650,220,50,26.4,80,110.0,16.0,32,1,0,0,0,0,0,0,safe
1650,200,50,24.0,100,100.0,20.0,55,1,0,0,0,0,0,0,safe
1360,180,40,21.6,70,90.0,14.0,68,1,1,1,1,0,0,0,caution
2840,350,80,42.0,180,175.0,36.0,28,1,0,0,0,0,0,0,safe
1400,180,40,21.6,80,90.0,16.0,42,1,1,1,0,0,0,0,safe
2470,300,70,36.0,160,150.0,32.0,38,1,0,0,0,0,0,0,safe
1150,150,30,18.0,70,75.0,14.0,52,0,1,1,1,0,0,0,caution
2140,280,60,33.6,120,140.0,24.0,22,1,0,0,0,0,0,0,safe
1940,250,60,30.0,100,125.0,20.0,48,1,0,0,0,0,0,0,safe
2020,250,60,30.0,120,125.0,24.0,25,1,0,0,0,0,0,0,safe
1570,200,50,24.0,80,100.0,16.0,38,1,0,0,0,0,0,0,safe
1775,220,55,26.4,100,110.0,20.0,55,1,0,0,0,0,0,0,safe
1405,180,45,21.6,70,90.0,14.0,62,1,1,1,1,0,0,0,caution
2840,350,80,42.0,180,175.0,36.0,28,1,0,0,0,0,0,0,safe
1775,220,55,26.4,100,110.0,20.0,32,1,0,0,0,0,0,0,safe
1570,200,50,24.0,80,100.0,16.0,68,1,0,0,0,0,0,0,safe
1940,250,60,30.0,100,125.0,20.0,21,1,0,0,0,0,0,0,safe
1775,220,55,26.4,100,110.0,20.0,45,1,0,0,0,0,0,0,safe
1240,160,40,19.2,60,80.0,12.0,70,1,1,1,1,0,0,0,caution
1660,200,60,24.0,80,100.0,16.0,25,1,0,0,0,0,0,0,safe
2400,300,80,36.0,120,150.0,24.0,32,1,0,0,0,0,0,0,safe
1200,150,40,18.0,60,75.0,12.0,55,1,1,1,1,0,0,0,caution
3140,400,100,48.0,160,200.0,32.0,48,1,0,0,0,0,0,0,safe
1870,220,70,26.4,90,110.0,18.0,38,1,0,0,0,0,0,0,safe
2120,250,80,30.0,100,125.0,20.0,21,1,0,0,0,0,0,0,safe
1660,200,60,24.0,80,100.0,16.0,58,1,0,0,0,0,0,0,safe
1120,140,40,16.8,50,70.0,10.0,70,0,1,0,1,1,0,1,avoid
2810,350,90,42.0,150,175.0,30.0,42,1,0,0,0,0,0,0,safe
2020,250,60,30.0,120,125.0,24.0,25,1,0,0,0,0,0,0,safe
1530,200,50,24.0,70,100.0,14.0,62,1,0,0,1,0,0,0,safe
2840,350,80,42.0,180,175.0,36.0,38,1,0,0,0,0,0,0,safe
1400,180,40,21.6,80,90.0,16.0,45,1,1,1,0,0,0,0,safe
1530,200,50,24.0,70,100.0,14.0,22,1,0,0,1,0,0,0,safe
1820,220,60,26.4,100,110.0,20.0,58,1,0,0,0,0,0,0,safe
2470,300,70,36.0,160,150.0,32.0,30,1,0,0,0,0,0,0,safe
1280,160,40,19.2,70,80.0,14.0,28,1,1,1,1,0,0,0,caution
1320,180,40,21.6,60,90.0,12.0,68,1,1,1,1,0,0,0,caution
2350,280,70,33.6,150,140.0,30.0,42,1,0,0,0,0,0,0,safe
2040,250,60,30.0,125,125.0,25.0,25,1,0,0,0,0,0,0,safe
1710,225,50,27.0,90,112.5,18.0,32,1,0,0,0,0,0,0,safe
1855,225,55,27.0,115,112.5,23.0,58,1,0,0,0,0,0,0,safe
2520,300,80,36.0,150,150.0,30.0,28,1,0,0,0,0,0,0,safe
1480,200,40,24.0,80,100.0,16.0,62,1,1,1,0,0,0,0,safe
2910,350,90,42.0,175,175.0,35.0,40,1,0,0,0,0,0,0,safe
1860,230,60,27.6,100,115.0,20.0,35,1,0,0,0,0,0,0,safe
2250,275,70,33.0,130,137.5,26.0,22,1,0,0,0,0,0,0,safe
1670,210,50,25.2,95,105.0,19.0,65,1,0,0,0,0,0,0,safe
1400,185,40,22.2,75,92.5,15.0,48,1,1,1,1,0,0,0,caution
2140,250,60,30.0,150,125.0,30.0,25,1,0,0,0,0,0,0,safe
1730,200,50,24.0,120,100.0,24.0,38,1,0,0,0,0,0,0,safe
1650,220,50,26.4,80,110.0,16.0,62,1,0,0,0,0,0,0,safe
2920,350,80,42.0,200,175.0,40.0,45,1,0,0,0,0,0,0,safe
1650,200,50,24.0,100,100.0,20.0,28,1,0,0,0,0,0,0,safe
1770,220,50,26.4,110,110.0,22.0,55,1,0,0,0,0,0,0,safe
1850,250,50,30.0,100,125.0,20.0,22,1,0,0,0,0,0,0,safe
2550,300,70,36.0,180,150.0,36.0,30,1,0,0,0,0,0,0,safe
1400,180,40,21.6,80,90.0,16.0,68,1,1,1,0,0,0,0,safe
1980,240,60,28.8,120,120.0,24.0,35,1,0,0,0,0,0,0,safe
1660,200,60,24.0,80,100.0,16.0,25,1,0,0,0,0,0,0,safe
2520,300,80,36.0,150,150.0,30.0,32,1,0,0,0,0,0,0,safe
1240,150,40,18.0,70,75.0,14.0,55,1,1,1,1,0,0,0,caution
3220,400,100,48.0,180,200.0,36.0,28,1,0,0,0,0,0,0,safe
1940,250,60,30.0,100,125.0,20.0,62,1,0,0,0,0,0,0,safe
1450,180,50,21.6,70,90.0,14.0,21,1,0,0,1,0,0,0,safe
1660,200,60,24.0,80,100.0,16.0,48,1,0,0,0,0,0,0,safe
2850,350,90,42.0,160,175.0,32.0,35,1,0,0,0,0,0,0,safe
2400,280,80,33.6,140,140.0,28.0,40,1,0,0,0,0,0,0,safe
1820,200,60,24.0,120,100.0,24.0,25,1,0,0,0,0,0,0,safe
1940,250,60,30.0,100,125.0,20.0,32,1,0,0,0,0,0,0,safe
1860,250,60,30.0,80,125.0,16.0,55,1,0,0,0,0,0,0,safe
1490,180,50,21.6,80,90.0,16.0,28,1,0,0,0,0,0,0,safe
1200,150,40,18.0,60,75.0,12.0,62,1,1,1,1,0,0,0,caution
2520,300,80,36.0,150,150.0,30.0,40,1,0,0,0,0,0,0,safe
1660,200,60,24.0,80,100.0,16.0,38,1,0,0,0,0,0,0,safe
2730,350,90,42.0,130,175.0,26.0,22,1,0,0,0,0,0,0,safe
1450,180,50,21.6,70,90.0,14.0,19,1,0,0,1,0,0,0,safe
2150,270,70,32.4,110,135.0,22.0,45,1,0,0,0,0,0,0,safe
1660,200,60,24.0,80,100.0,16.0,25,1,0,0,0,0,0,0,safe
2520,300,80,36.0,150,150.0,30.0,32,1,0,0,0,0,0,0,safe
1240,150,40,18.0,70,75.0,14.0,58,1,1,1,1,0,0,0,caution
1860,250,60,30.0,80,125.0,16.0,65,1,0,0,0,0,0,0,safe
1610,220,50,26.4,70,110.0,14.0,42,1,0,0,1,0,0,0,safe
2890,350,90,42.0,170,175.0,34.0,38,1,0,0,0,0,0,0,safe
1385,180,45,21.6,65,90.0,13.0,28,1,1,1,1,0,0,0,caution
1675,220,55,26.4,75,110.0,15.0,62,1,0,0,1,0,0,0,safe
1325,170,45,20.4,60,85.0,12.0,21,1,1,1,1,0,0,0,caution
1575,200,55,24.0,70,100.0,14.0,55,1,0,0,1,0,0,0,safe
1650,180,50,21.6,120,90.0,24.0,25,1,0,0,0,0,0,0,safe
1740,220,60,26.4,80,110.0,16.0,32,1,0,0,0,0,0,0,safe
1240,150,40,18.0,70,75.0,14.0,55,1,1,1,1,0,0,0,caution
2520,270,80,32.4,180,135.0,36.0,40,1,0,0,0,0,0,0,safe
1830,200,70,24.0,100,100.0,20.0,62,1,0,0,0,0,0,0,safe
2030,240,70,28.8,110,120.0,22.0,28,1,0,0,0,0,0,0,safe
1940,200,60,24.0,150,100.0,30.0,35,1,0,0,0,0,0,0,safe
1820,220,60,26.4,100,110.0,20.0,22,1,0,0,0,0,0,0,safe
1650,170,50,20.4,130,85.0,26.0,48,1,0,0,0,0,0,0,safe
1120,130,40,15.6,60,65.0,12.0,58,1,1,1,1,1,0,1,avoid
1820,200,60,24.0,120,100.0,24.0,25,1,0,0,0,0,0,0,safe
1490,180,50,21.6,80,90.0,16.0,32,1,0,0,0,0,0,0,safe
2030,250,70,30.0,100,125.0,20.0,55,1,0,0,0,0,0,0,safe
2270,280,70,33.6,130,140.0,26.0,28,1,0,0,0,0,0,0,safe
1200,150,40,18.0,60,75.0,12.0,62,1,1,1,1,0,0,0,caution
2650,300,90,36.0,160,150.0,32.0,38,1,0,0,0,0,0,0,safe
1620,200,60,24.0,70,100.0,14.0,22,1,0,0,1,0,0,0,safe
1900,220,60,26.4,120,110.0,24.0,40,1,0,0,0,0,0,0,safe
1530,180,50,21.6,90,90.0,18.0,27,1,0,0,0,0,0,0,safe
1660,200,60,24.0,80,100.0,16.0,58,1,0,0,0,0,0,0,safe
2020,250,60,30.0,120,125.0,24.0,25,1,0,0,0,0,0,0,safe
1570,200,50,24.0,80,100.0,16.0,32,1,0,0,0,0,0,0,safe
1360,180,40,21.6,70,90.0,14.0,58,1,1,1,1,0,0,0,caution
2840,350,80,42.0,180,175.0,36.0,40,1,0,0,0,0,0,0,safe
1570,200,50,24.0,80,100.0,16.0,62,1,0,0,0,0,0,0,safe
1740,220,60,26.4,80,110.0,16.0,38,1,0,0,0,0,0,0,safe
3210,400,90,48.0,200,200.0,40.0,28,1,0,0,0,0,0,0,safe
1150,160,30,19.2,60,80.0,12.0,55,0,1,1,1,0,0,0,caution
1570,200,50,24.0,80,100.0,16.0,70,1,0,0,0,0,0,0,safe
1360,180,40,21.6,70,90.0,14.0,22,1,1,1,1,0,0,0,caution
1640,200,60,24.0,75,100.0,15.0,25,1,0,0,1,0,0,0,safe
2520,300,80,36.0,150,150.0,30.0,32,1,0,0,0,0,0,0,safe
1280,170,40,20.4,60,85.0,12.0,58,1,1,1,1,0,0,0,caution
3300,400,100,48.0,200,200.0,40.0,40,1,0,0,0,0,0,0,safe
1070,150,30,18.0,50,75.0,10.0,62,0,1,0,1,0,0,0,safe
2030,250,70,30.0,100,125.0,20.0,28,1,0,0,0,0,0,0,safe
1450,180,50,21.6,70,90.0,14.0,65,1,0,0,1,0,0,0,safe
2230,300,70,36.0,100,150.0,20.0,35,1,0,0,0,0,0,0,safe
1780,220,60,26.4,90,110.0,18.0,48,1,0,0,0,0,0,0,safe
1660,200,60,24.0,80,100.0,16.0,22,1,0,0,0,0,0,0,safe
1740,200,60,24.0,100,100.0,20.0,25,1,0,0,0,0,0,0,safe
2560,300,80,36.0,160,150.0,32.0,38,1,0,0,0,0,0,0,safe
1305,150,45,18.0,75,75.0,15.0,55,1,1,1,1,0,0,0,caution
2230,280,70,33.6,120,140.0,24.0,62,1,0,0,0,0,0,0,safe
2390,300,70,36.0,140,150.0,28.0,28,1,0,0,0,0,0,0,safe
2440,280,80,33.6,150,140.0,30.0,42,1,0,0,0,0,0,0,safe
1200,140,40,16.8,70,70.0,14.0,58,1,1,1,1,1,0,1,avoid
2350,300,70,36.0,130,150.0,26.0,33,1,0,0,0,0,0,0,safe
2270,280,70,33.6,130,140.0,26.0,21,1,0,0,0,0,0,0,safe
1530,180,50,21.6,90,90.0,18.0,68,1,0,0,0,0,0,0,safe
2020,250,60,30.0,120,125.0,24.0,25,1,0,0,0,0,0,0,safe
1570,200,50,24.0,80,100.0,16.0,38,1,0,0,0,0,0,0,safe
1650,200,50,24.0,100,100.0,20.0,62,1,0,0,0,0,0,0,safe
2480,300,80,36.0,140,150.0,28.0,45,1,0,0,0,0,0,0,safe
1860,220,60,26.4,110,110.0,22.0,58,1,0,0,0,0,0,0,safe
1360,180,40,21.6,70,90.0,14.0,22,1,1,1,1,0,0,0,caution
1280,160,40,19.2,70,80.0,14.0,70,1,1,1,1,0,0,0,caution
3020,350,100,42.0,180,175.0,36.0,30,1,0,0,0,0,0,0,safe
1570,200,50,24.0,80,100.0,16.0,42,1,0,0,0,0,0,0,safe
1650,200,50,24.0,100,100.0,20.0,55,1,0,0,0,0,0,0,safe
1740,200,60,24.0,100,100.0,20.0,25,1,0,0,0,0,0,0,safe
2400,300,80,36.0,120,150.0,24.0,38,1,0,0,0,0,0,0,safe
1370,150,50,18.0,80,75.0,16.0,55,1,0,0,0,0,0,0,safe
2860,350,100,42.0,140,175.0,28.0,62,1,0,0,0,0,0,0,safe
2440,300,80,36.0,130,150.0,26.0,28,1,0,0,0,0,0,0,safe
2070,250,70,30.0,110,125.0,22.0,32,1,0,0,0,0,0,0,safe
1200,140,40,16.8,70,70.0,14.0,58,1,1,1,1,1,0,1,avoid
3320,400,120,48.0,160,200.0,32.0,40,1,0,0,0,0,0,0,safe
1780,220,60,26.4,90,110.0,18.0,21,1,0,0,0,0,0,0,safe
2030,250,70,30.0,100,125.0,20.0,70,1,0,0,0,0,0,0,safe
2840,350,80,42.0,180,175.0,36.0,25,1,0,0,0,0,0,0,safe
1650,200,50,24.0,100,100.0,20.0,32,1,0,0,0,0,0,0,safe
2020,250,60,30.0,120,125.0,24.0,58,1,0,0,0,0,0,0,safe
1780,220,60,26.4,90,110.0,18.0,62,1,0,0,0,0,0,0,safe
3300,400,100,48.0,200,200.0,40.0,28,1,0,0,0,0,0,0,safe
1400,180,40,21.6,80,90.0,16.0,45,1,1,1,0,0,0,0,safe
2840,350,80,42.0,180,175.0,36.0,30,1,0,0,0,0,0,0,safe
1570,200,50,24.0,80,100.0,16.0,65,1,0,0,0,0,0,0,safe
2390,300,70,36.0,140,150.0,28.0,22,1,0,0,0,0,0,0,safe
1820,220,60,26.4,100,110.0,20.0,50,1,0,0,0,0,0,0,safe
2140,250,60,30.0,150,125.0,30.0,25,1,0,0,0,0,0,0,safe
1730,220,50,26.4,100,110.0,20.0,32,1,0,0,0,0,0,0,safe
1860,200,60,24.0,130,100.0,26.0,55,1,0,0,0,0,0,0,safe
2820,350,80,42.0,175,175.0,35.0,28,1,0,0,0,0,0,0,safe
2390,280,70,33.6,160,140.0,32.0,40,1,0,0,0,0,0,0,safe
1400,180,40,21.6,80,90.0,16.0,62,1,1,1,0,0,0,0,safe
3300,400,100,48.0,200,200.0,40.0,22,1,0,0,0,0,0,0,safe
1650,200,50,24.0,100,100.0,20.0,38,1,0,0,0,0,0,0,safe
2020,250,60,30.0,120,125.0,24.0,27,1,0,0,0,0,0,0,safe
2640,300,80,36.0,180,150.0,36.0,45,1,0,0,0,0,0,0,safe
1570,200,50,24.0,80,100.0,16.0,32,1,0,0,0,0,0,0,safe
1650,200,50,24.0,100,100.0,20.0,55,1,0,0,0,0,0,0,safe
2430,300,70,36.0,150,150.0,30.0,28,1,0,0,0,0,0,0,safe
1360,180,40,21.6,70,90.0,14.0,48,1,1,1,1,0,0,0,caution
1650,200,50,24.0,100,100.0,20.0,62,1,0,0,0,0,0,0,safe
2020,250,60,30.0,120,125.0,24.0,22,1,0,0,0,0,0,0,safe
2840,350,80,42.0,180,175.0,36.0,38,1,0,0,0,0,0,0,safe
1570,200,50,24.0,80,100.0,16.0,21,1,0,0,0,0,0,0,safe
1360,180,40,21.6,70,90.0,14.0,58,1,1,1,1,0,0,0,caution
1860,250,60,30.0,80,125.0,16.0,25,1,0,0,0,0,0,0,safe
2720,350,80,42.0,150,175.0,30.0,38,1,0,0,0,0,0,0,safe
1440,200,40,24.0,70,100.0,14.0,62,1,1,1,1,0,0,0,caution
3040,400,80,48.0,180,200.0,36.0,28,1,0,0,0,0,0,0,safe
1630,220,50,26.4,75,110.0,15.0,45,1,0,0,1,0,0,0,safe
2060,280,60,33.6,100,140.0,20.0,58,1,0,0,0,0,0,0,safe
2310,300,70,36.0,120,150.0,24.0,32,1,0,0,0,0,0,0,safe
1480,210,40,25.2,70,105.0,14.0,70,1,1,1,1,0,0,0,caution
2470,320,70,38.4,140,160.0,28.0,19,1,0,0,0,0,0,0,safe
1810,250,50,30.0,90,125.0,18.0,55,1,0,0,0,0,0,0,safe
2020,250,60,30.0,120,125.0,24.0,25,1,0,0,0,0,0,0,safe
1490,180,50,21.6,80,90.0,16.0,32,1,0,0,0,0,0,0,safe
2230,300,70,36.0,100,150.0,20.0,55,1,0,0,0,0,0,0,safe
1240,150,40,18.0,70,75.0,14.0,68,1,1,1,1,0,0,0,caution
3040,400,80,48.0,180,200.0,36.0,28,1,0,0,0,0,0,0,safe
1740,220,60,26.4,80,110.0,16.0,38,1,0,0,0,0,0,0,safe
1860,250,60,30.0,80,125.0,16.0,58,1,0,0,0,0,0,0,safe
2230,300,70,36.0,100,150.0,20.0,42,1,0,0,0,0,0,0,safe
2770,350,90,42.0,140,175.0,28.0,21,1,0,0,0,0,0,0,safe
990,120,30,14.4,60,60.0,12.0,62,0,1,1,1,1,1,1,avoid
2020,250,60,30.0,120,125.0,24.0,25,1,0,0,0,0,0,0,safe
1480,200,40,24.0,80,100.0,16.0,32,1,1,1,0,0,0,0,safe
2185,300,65,36.0,100,150.0,20.0,58,1,0,0,0,0,0,0,safe
2720,350,80,42.0,150,175.0,30.0,40,1,0,0,0,0,0,0,safe
3130,400,90,48.0,180,200.0,36.0,28,1,0,0,0,0,0,0,safe
1650,220,50,26.4,80,110.0,16.0,62,1,0,0,0,0,0,0,safe
2390,300,70,36.0,140,150.0,28.0,35,1,0,0,0,0,0,0,safe
1360,180,40,21.6,70,90.0,14.0,22,1,1,1,1,0,0,0,caution
1940,250,60,30.0,100,125.0,20.0,55,1,0,0,0,0,0,0,safe
1690,220,50,26.4,90,110.0,18.0,48,1,0,0,0,0,0,0,safe
2020,250,60,30.0,120,125.0,24.0,25,1,0,0,0,0,0,0,safe
1570,200,50,24.0,80,100.0,16.0,38,1,0,0,0,0,0,0,safe
1570,200,50,24.0,80,100.0,16.0,55,1,0,0,0,0,0,0,safe
1340,175,40,21.0,70,87.5,14.0,62,1,1,1,1,0,0,0,caution
2760,350,80,42.0,160,175.0,32.0,28,1,0,0,0,0,0,0,safe
1940,250,60,30.0,100,125.0,20.0,40,1,0,0,0,0,0,0,safe
1360,180,40,21.6,70,90.0,14.0,58,1,1,1,1,0,0,0,caution
1300,175,40,21.0,60,87.5,12.0,65,1,1,1,1,0,0,0,caution
3050,380,90,45.6,180,190.0,36.0,32,1,0,0,0,0,0,0,safe
1445,190,45,22.8,70,95.0,14.0,45,1,1,1,1,0,0,0,caution
2190,250,70,30.0,140,125.0,28.0,25,1,0,0,0,0,0,0,safe
1820,200,60,24.0,120,100.0,24.0,32,1,0,0,0,0,0,0,safe
2805,350,85,42.0,160,175.0,32.0,48,1,0,0,0,0,0,0,safe
1570,180,50,21.6,100,90.0,20.0,55,1,0,0,0,0,0,0,safe
3220,400,100,48.0,180,200.0,36.0,28,1,0,0,0,0,0,0,safe
1320,160,40,19.2,80,80.0,16.0,62,1,1,1,0,0,0,0,safe
2350,300,70,36.0,130,150.0,26.0,35,1,0,0,0,0,0,0,safe
2020,250,60,30.0,120,125.0,24.0,22,1,0,0,0,0,0,0,safe
1820,200,60,24.0,120,100.0,24.0,58,1,0,0,0,0,0,0,safe
1570,180,50,21.6,100,90.0,20.0,40,1,0,0,0,0,0,0,safe
2140,250,60,30.0,150,125.0,30.0,25,1,0,0,0,0,0,0,safe
1650,220,50,26.4,80,110.0,16.0,32,1,0,0,0,0,0,0,safe
1775,200,55,24.0,120,100.0,24.0,55,1,0,0,0,0,0,0,safe
2470,300,70,36.0,160,150.0,32.0,28,1,0,0,0,0,0,0,safe
1360,180,40,21.6,70,90.0,14.0,62,1,1,1,1,0,0,0,caution
2920,350,80,42.0,200,175.0,40.0,38,1,0,0,0,0,0,0,safe
1940,250,60,30.0,100,125.0,20.0,21,1,0,0,0,0,0,0,safe
1810,200,50,24.0,140,100.0,28.0,40,1,0,0,0,0,0,0,safe
1650,200,50,24.0,100,100.0,20.0,23,1,0,0,0,0,0,0,safe
1650,200,50,24.0,100,100.0,20.0,48,1,0,0,0,0,0,0,safe
2020,250,60,30.0,120,125.0,24.0,25,1,0,0,0,0,0,0,safe
1830,200,70,24.0,100,100.0,20.0,32,1,0,0,0,0,0,0,safe
2520,300,80,36.0,150,150.0,30.0,48,1,0,0,0,0,0,0,safe
1650,220,50,26.4,80,110.0,16.0,55,1,0,0,0,0,0,0,safe
2940,350,100,42.0,160,175.0,32.0,28,1,0,0,0,0,0,0,safe
1570,200,50,24.0,80,100.0,16.0,62,1,0,0,0,0,0,0,safe
2320,280,80,33.6,120,140.0,24.0,35,1,0,0,0,0,0,0,safe
1360,180,40,21.6,70,90.0,14.0,22,1,1,1,1,0,0,0,caution
2270,280,70,33.6,130,140.0,26.0,40,1,0,0,0,0,0,0,safe
2610,320,90,38.4,130,160.0,26.0,29,1,0,0,0,0,0,0,safe
2840,350,80,42.0,180,175.0,36.0,25,1,0,0,0,0,0,0,safe
1650,200,50,24.0,100,100.0,20.0,38,1,0,0,0,0,0,0,safe
2020,250,60,30.0,120,125.0,24.0,55,1,0,0,0,0,0,0,safe
1820,220,60,26.4,100,110.0,20.0,62,1,0,0,0,0,0,0,safe
3300,400,100,48.0,200,200.0,40.0,28,1,0,0,0,0,0,0,safe
1485,180,45,21.6,90,90.0,18.0,42,1,1,1,0,0,0,0,safe
1820,220,60,26.4,100,110.0,20.0,68,1,0,0,0,0,0,0,safe
2430,300,70,36.0,150,150.0,30.0,22,1,0,0,0,0,0,0,safe
2310,280,70,33.6,140,140.0,28.0,35,1,0,0,0,0,0,0,safe
1570,200,50,24.0,80,100.0,16.0,58,1,0,0,0,0,0,0,safe
1740,200,60,24.0,100,100.0,20.0,25,1,0,0,0,0,0,0,safe
2840,350,80,42.0,180,175.0,36.0,32,1,0,0,0,0,0,0,safe
1370,150,50,18.0,80,75.0,16.0,58,1,0,0,0,0,0,0,safe
3300,400,100,48.0,200,200.0,40.0,38,1,0,0,0,0,0,0,safe
2030,250,70,30.0,100,125.0,20.0,22,1,0,0,0,0,0,0,safe
1620,180,60,21.6,90,90.0,18.0,65,1,0,0,0,0,0,0,safe
2320,280,80,33.6,120,140.0,24.0,40,1,0,0,0,0,0,0,safe
2910,375,90,45.0,150,187.5,30.0,28,1,0,0,0,0,0,0,safe
1200,140,40,16.8,70,70.0,14.0,52,1,1,1,1,1,0,1,avoid
2440,300,80,36.0,130,150.0,26.0,35,1,0,0,0,0,0,0,safe
2020,250,60,30.0,120,125.0,24.0,25,1,0,0,0,0,0,0,safe
1570,200,50,24.0,80,100.0,16.0,35,1,0,0,0,0,0,0,safe
1360,180,40,21.6,70,90.0,14.0,55,1,1,1,1,0,0,0,caution
2840,350,80,42.0,180,175.0,36.0,40,1,0,0,0,0,0,0,safe
1570,200,50,24.0,80,100.0,16.0,28,1,0,0,0,0,0,0,safe
1730,220,50,26.4,100,110.0,20.0,62,1,0,0,0,0,0,0,safe
2060,280,60,33.6,100,140.0,20.0,32,1,0,0,0,0,0,0,safe
1570,200,50,24.0,80,100.0,16.0,21,1,0,0,0,0,0,0,safe
2230,280,70,33.6,120,140.0,24.0,48,1,0,0,0,0,0,0,safe
1360,180,40,21.6,70,90.0,14.0,38,1,1,1,1,0,0,0,caution
2140,250,60,30.0,150,125.0,30.0,25,1,0,0,0,0,0,0,safe
1650,220,50,26.4,80,110.0,16.0,38,1,0,0,0,0,0,0,safe
1360,180,40,21.6,70,90.0,14.0,55,1,1,1,1,0,0,0,caution
2920,350,80,42.0,200,175.0,40.0,28,1,0,0,0,0,0,0,safe
1740,200,60,24.0,100,100.0,20.0,62,1,0,0,0,0,0,0,safe
2140,280,60,33.6,120,140.0,24.0,32,1,0,0,0,0,0,0,safe
1240,160,40,19.2,60,80.0,12.0,21,1,1,1,1,0,0,0,caution
3290,400,90,48.0,220,200.0,44.0,40,1,0,0,0,0,0,0,safe
1610,210,50,25.2,80,105.0,16.0,27,1,0,0,0,0,0,0,safe
1730,200,50,24.0,120,100.0,24.0,19,1,0,0,0,0,0,0,safe
2140,250,60,30.0,150,125.0,30.0,25,1,0,0,0,0,0,0,safe
1730,200,50,24.0,120,100.0,24.0,32,1,0,0,0,0,0,0,safe
1730,200,50,24.0,120,100.0,24.0,55,1,0,0,0,0,0,0,safe
1400,180,40,21.6,80,90.0,16.0,68,1,1,1,0,0,0,0,safe
1832,194,72,23.28,102,97.0,20.4,47,1,0,0,0,0,0,0,safe
2760,330,96,39.6,144,165.0,28.8,77,1,0,0,0,0,0,0,safe
1925,161,65,19.32,174,80.5,34.8,51,1,0,0,0,0,0,0,safe
2156,316,64,37.92,79,158.0,15.8,50,1,0,0,1,0,0,0,safe
2902,353,94,42.36,161,176.5,32.2,77,1,0,0,0,0,0,0,safe
1455,171,39,20.52,105,85.5,21.0,53,1,1,1,0,0,0,0,safe
2162,199,78,23.88,166,99.5,33.2,79,1,0,0,0,0,0,0,safe
1717,207,53,24.84,103,103.5,20.6,65,1,0,0,0,0,0,0,safe
2460,350,84,42.0,76,175.0,15.2,25,1,0,0,1,0,0,0,safe
2256,347,60,41.64,82,173.5,16.4,39,1,0,0,0,0,0,0,safe
2428,379,48,45.48,120,189.5,24.0,53,1,1,1,0,0,0,0,safe
2372,399,56,47.88,68,199.5,13.6,42,1,0,0,1,0,0,0,safe
2803,315,99,37.8,163,157.5,32.6,74,1,0,0,0,0,0,0,safe
1496,205,44,24.6,70,102.5,14.0,72,1,1,1,1,0,0,0,caution
2490,373,34,44.76,173,186.5,34.6,18,1,1,1,0,0,0,0,safe
2222,328,62,39.36,88,164.0,17.6,51,1,0,0,0,0,0,0,safe
2352,285,72,34.2,141,142.5,28.2,70,1,0,0,0,0,0,0,safe
2490,306,82,36.72,132,153.0,26.4,53,1,0,0,0,0,0,0,safe
1557,161,37,19.32,145,80.5,29.0,59,1,1,1,0,0,0,0,safe
1674,162,74,19.44,90,81.0,18.0,46,1,0,0,0,0,0,0,safe
1999,234,39,28.08,178,117.0,35.6,34,1,1,1,0,0,0,0,safe
2447,368,79,44.16,66,184.0,13.2,44,1,0,0,1,0,0,0,safe
2290,224,90,26.88,146,112.0,29.2,52,1,0,0,0,0,0,0,safe
2197,257,85,30.84,101,128.5,20.2,56,1,0,0,0,0,0,0,safe
2022,211,54,25.32,173,105.5,34.6,70,1,0,0,0,0,0,0,safe
1951,285,59,34.2,70,142.5,14.0,72,1,0,0,1,0,0,0,safe
1625,227,37,27.24,96,113.5,19.2,57,1,1,1,0,0,0,0,safe
2362,362,30,43.44,161,181.0,32.2,44,0,1,1,0,0,0,0,safe
1772,229,48,27.48,106,114.5,21.2,70,1,1,1,0,0,0,0,safe
2533,395,69,47.4,83,197.5,16.6,38,1,0,0,0,0,0,0,safe
1781,255,37,30.6,107,127.5,21.4,51,1,1,1,0,0,0,0,safe
1934,176,74,21.12,141,88.0,28.2,21,1,0,0,0,0,0,0,safe
2313,399,57,47.88,51,199.5,10.2,52,1,0,0,1,0,0,0,safe
2548,324,72,38.88,151,162.0,30.2,40,1,0,0,0,0,0,0,safe
2222,220,90,26.4,133,110.0,26.6,61,1,0,0,0,0,0,0,safe
2166,363,42,43.56,84,181.5,16.8,36,1,1,1,0,0,0,0,safe
2181,263,81,31.56,100,131.5,20.0,70,1,0,0,0,0,0,0,safe
2461,310,89,37.2,105,155.0,21.0,20,1,0,0,0,0,0,0,safe
1311,150,35,18.0,99,75.0,19.8,36,1,1,1,0,0,0,0,safe
1917,250,45,30.0,128,125.0,25.6,40,1,1,1,0,0,0,0,safe
2703,389,67,46.68,136,194.5,27.2,61,1,0,0,0,0,0,0,safe
2218,267,54,32.04,166,133.5,33.2,77,1,0,0,0,0,0,0,safe
2219,314,31,37.68,171,157.0,34.2,63,1,1,1,0,0,0,0,safe
2782,308,98,36.96,167,154.0,33.4,37,1,0,0,0,0,0,0,safe
2199,166,99,19.92,161,83.0,32.2,41,1,0,0,0,0,0,0,safe
1499,198,39,23.76,89,99.0,17.8,69,1,1,1,0,0,0,0,safe
2809,370,73,44.4,168,185.0,33.6,56,1,0,0,0,0,0,0,safe
2133,225,93,27.0,99,112.5,19.8,74,1,0,0,0,0,0,0,safe
1718,240,58,28.8,59,120.0,11.8,25,1,0,0,1,0,0,0,safe
2404,326,56,39.12,149,163.0,29.8,44,1,0,0,0,0,0,0,safe
2194,380,38,45.6,83,190.0,16.6,69,1,1,1,0,0,0,0,safe
1785,264,33,31.68,108,132.0,21.6,26,1,1,1,0,0,0,0,safe
2671,271,99,32.52,174,135.5,34.8,26,1,0,0,0,0,0,0,safe
2463,311,59,37.32,172,155.5,34.4,46,1,0,0,0,0,0,0,safe
1812,187,52,22.44,149,93.5,29.8,61,1,0,0,0,0,0,0,safe
2491,389,55,46.68,110,194.5,22.0,31,1,0,0,0,0,0,0,safe
2209,239,81,28.68,131,119.5,26.2,78,1,0,0,0,0,0,0,safe
1927,241,79,28.92,63,120.5,12.6,21,1,0,0,1,0,0,0,safe
2239,340,55,40.8,96,170.0,19.2,58,1,0,0,0,0,0,0,safe
1401,186,41,22.32,72,93.0,14.4,30,1,1,1,1,0,0,0,caution
2130,353,42,42.36,85,176.5,17.0,53,1,1,1,0,0,0,0,safe
2665,330,93,39.6,127,165.0,25.4,62,1,0,0,0,0,0,0,safe
1608,152,36,18.24,169,76.0,33.8,24,1,1,1,0,0,0,0,safe
1932,178,84,21.36,116,89.0,23.2,58,1,0,0,0,0,0,0,safe
2160,318,60,38.16,87,159.0,17.4,67,1,0,0,0,0,0,0,safe
1436,159,56,19.08,74,79.5,14.8,48,1,0,0,1,0,0,0,safe
2293,323,61,38.76,113,161.5,22.6,29,1,0,0,0,0,0,0,safe
2166,214,78,25.68,152,107.0,30.4,75,1,0,0,0,0,0,0,safe
2213,214,93,25.68,130,107.0,26.0,26,1,0,0,0,0,0,0,safe
2419,301,75,36.12,135,150.5,27.0,60,1,0,0,0,0,0,0,safe
1731,194,79,23.28,61,97.0,12.2,36,1,0,0,1,0,0,0,safe
2083,226,99,27.12,72,113.0,14.4,69,1,0,0,1,0,0,0,safe
2075,170,91,20.4,144,85.0,28.8,66,1,0,0,0,0,0,0,safe
2018,252,46,30.24,149,126.0,29.8,41,1,1,1,0,0,0,0,safe
1963,244,31,29.28,177,122.0,35.4,53,1,1,1,0,0,0,0,safe
1891,206,95,24.72,53,103.0,10.6,45,1,0,0,1,0,0,0,safe
1732,221,60,26.52,77,110.5,15.4,24,1,0,0,1,0,0,0,safe
2258,325,46,39.0,136,162.5,27.2,32,1,1,1,0,0,0,0,safe
2118,220,66,26.4,161,110.0,32.2,46,1,0,0,0,0,0,0,safe
2601,367,97,44.04,65,183.5,13.0,52,1,0,0,1,0,0,0,safe
1707,187,51,22.44,125,93.5,25.0,73,1,0,0,0,0,0,0,safe
2275,305,39,36.6,176,152.5,35.2,31,1,1,1,0,0,0,0,safe
1887,284,51,34.08,73,142.0,14.6,47,1,0,0,1,0,0,0,safe
1487,150,51,18.0,107,75.0,21.4,42,1,0,0,0,0,0,0,safe
2280,334,60,40.08,101,167.0,20.2,53,1,0,0,0,0,0,0,safe
2175,347,39,41.64,109,173.5,21.8,31,1,1,1,0,0,0,0,safe
1419,188,51,22.56,52,94.0,10.4,55,1,0,0,1,0,0,0,safe
2448,288,76,34.56,153,144.0,30.6,47,1,0,0,0,0,0,0,safe
2205,226,97,27.12,107,113.0,21.4,45,1,0,0,0,0,0,0,safe
2378,293,82,35.16,117,146.5,23.4,38,1,0,0,0,0,0,0,safe
1795,165,75,19.8,115,82.5,23.0,24,1,0,0,0,0,0,0,safe
2398,321,62,38.52,139,160.5,27.8,79,1,0,0,0,0,0,0,safe
1270,161,42,19.32,62,80.5,12.4,74,1,1,1,1,0,0,0,caution
1658,248,30,29.76,99,124.0,19.8,20,0,1,1,0,0,0,0,safe
1696,197,52,23.64,110,98.5,22.0,41,1,0,0,0,0,0,0,safe
2230,190,86,22.8,174,95.0,34.8,37,1,0,0,0,0,0,0,safe
2148,240,64,28.8,153,120.0,30.6,57,1,0,0,0,0,0,0,safe
2029,248,89,29.76,59,124.0,11.8,52,1,0,0,1,0,0,0,safe
2315,390,47,46.8,83,195.0,16.6,31,1,1,1,0,0,0,0,safe
2374,332,82,39.84,77,166.0,15.4,33,1,0,0,1,0,0,0,safe
1394,191,30,22.92,90,95.5,18.0,30,0,1,1,0,0,0,0,safe
1990,160,98,19.2,117,80.0,23.4,43,1,0,0,0,0,0,0,safe
2180,371,48,44.52,66,185.5,13.2,66,1,1,1,1,0,0,0,caution
2548,313,84,37.56,135,156.5,27.0,19,1,0,0,0,0,0,0,safe
1785,224,73,26.88,58,112.0,11.6,57,1,0,0,1,0,0,0,safe
1815,270,47,32.4,78,135.0,15.6,49,1,1,1,1,0,0,0,caution
1874,234,42,28.08,140,117.0,28.0,32,1,1,1,0,0,0,0,safe
2696,389,72,46.68,123,194.5,24.6,33,1,0,0,0,0,0,0,safe
1820,183,76,21.96,101,91.5,20.2,73,1,0,0,0,0,0,0,safe
2148,260,88,31.2,79,130.0,15.8,32,1,0,0,1,0,0,0,safe
1915,199,59,23.88,147,99.5,29.4,66,1,0,0,0,0,0,0,safe
2200,290,60,34.8,125,145.0,25.0,66,1,0,0,0,0,0,0,safe
1949,299,33,35.88,114,149.5,22.8,29,1,1,1,0,0,0,0,safe
1769,288,45,34.56,53,144.0,10.6,56,1,1,1,1,0,0,0,caution
1705,254,41,30.48,80,127.0,16.0,23,1,1,1,0,0,0,0,safe
2347,325,71,39.0,102,162.5,20.4,49,1,0,0,0,0,0,0,safe
2076,259,80,31.08,80,129.5,16.0,59,1,0,0,0,0,0,0,safe
1984,192,92,23.04,97,96.0,19.4,21,1,0,0,0,0,0,0,safe
1644,279,36,33.48,51,139.5,10.2,41,1,1,1,1,0,0,0,caution
2671,360,95,43.2,94,180.0,18.8,29,1,0,0,0,0,0,0,safe
1773,197,61,23.64,109,98.5,21.8,65,1,0,0,0,0,0,0,safe
2007,283,75,33.96,50,141.5,10.0,51,0,0,0,1,0,0,0,safe
1896,195,80,23.4,99,97.5,19.8,64,1,0,0,0,0,0,0,safe
1319,163,47,19.56,61,81.5,12.2,47,1,1,1,1,0,0,0,caution
1743,188,59,22.56,115,94.0,23.0,71,1,0,0,0,0,0,0,safe
1685,252,33,30.24,95,126.0,19.0,18,1,1,1,0,0,0,0,safe
2476,397,32,47.64,150,198.5,30.0,31,1,1,1,0,0,0,0,safe
1450,162,42,19.44,106,81.0,21.2,68,1,1,1,0,0,0,0,safe
2221,321,49,38.52,124,160.5,24.8,50,1,1,1,0,0,0,0,safe
2264,346,72,41.52,58,173.0,11.6,47,1,0,0,1,0,0,0,safe
1569,150,33,18.0,168,75.0,33.6,71,1,1,1,0,0,0,0,safe
2306,365,70,43.8,54,182.5,10.8,29,1,0,0,1,0,0,0,safe
2592,377,96,45.24,55,188.5,11.0,53,1,0,0,1,0,0,0,safe
2205,349,65,41.88,56,174.5,11.2,65,1,0,0,1,0,0,0,safe
2178,273,46,32.76,168,136.5,33.6,39,1,1,1,0,0,0,0,safe
2179,266,91,31.92,74,133.0,14.8,33,1,0,0,1,0,0,0,safe
2261,314,73,37.68,87,157.0,17.4,25,1,0,0,0,0,0,0,safe
2007,274,31,32.88,158,137.0,31.6,46,1,1,1,0,0,0,0,safe
2506,344,62,41.28,143,172.0,28.6,72,1,0,0,0,0,0,0,safe
2133,178,93,21.36,146,89.0,29.2,30,1,0,0,0,0,0,0,safe
2279,239,91,28.68,126,119.5,25.2,51,1,0,0,0,0,0,0,safe
2399,342,71,41.04,98,171.0,19.6,34,1,0,0,0,0,0,0,safe
2212,369,32,44.28,112,184.5,22.4,56,1,1,1,0,0,0,0,safe
2448,332,76,39.84,109,166.0,21.8,43,1,0,0,0,0,0,0,safe
1874,277,34,33.24,115,138.5,23.0,41,1,1,1,0,0,0,0,safe
1297,196,33,23.52,54,98.0,10.8,20,1,1,1,1,0,0,0,caution
2137,214,97,25.68,102,107.0,20.4,57,1,0,0,0,0,0,0,safe
2586,342,58,41.04,174,171.0,34.8,54,1,0,0,0,0,0,0,safe
1883,157,99,18.84,91,78.5,18.2,36,1,0,0,0,0,0,0,safe
2673,374,85,44.88,103,187.0,20.6,69,1,0,0,0,0,0,0,safe
2145,236,93,28.32,91,118.0,18.2,34,1,0,0,0,0,0,0,safe
1826,237,30,28.44,152,118.5,30.4,24,0,1,1,0,0,0,0,safe
2096,204,76,24.48,149,102.0,29.8,32,1,0,0,0,0,0,0,safe
1739,167,95,20.04,54,83.5,10.8,31,1,0,0,1,0,0,0,safe
2180,289,88,34.68,58,144.5,11.6,77,1,0,0,1,0,0,0,safe
1991,187,87,22.44,115,93.5,23.0,29,1,0,0,0,0,0,0,safe
2865,387,77,46.44,156,193.5,31.2,61,1,0,0,0,0,0,0,safe
2294,280,78,33.6,118,140.0,23.6,34,1,0,0,0,0,0,0,safe
1666,276,38,33.12,55,138.0,11.0,18,1,1,1,1,0,0,0,caution
2227,258,95,30.96,85,129.0,17.0,58,1,0,0,0,0,0,0,safe
2270,233,90,27.96,132,116.5,26.4,28,1,0,0,0,0,0,0,safe
1784,285,44,34.2,62,142.5,12.4,19,1,1,1,1,0,0,0,caution
2824,378,84,45.36,139,189.0,27.8,53,1,0,0,0,0,0,0,safe
2510,369,66,44.28,110,184.5,22.0,77,1,0,0,0,0,0,0,safe
1924,214,64,25.68,123,107.0,24.6,75,1,0,0,0,0,0,0,safe
1811,329,31,39.48,54,164.5,10.8,37,1,1,1,1,0,0,0,caution
1982,245,58,29.4,120,122.5,24.0,52,1,0,0,0,0,0,0,safe
2565,378,73,45.36,99,189.0,19.8,37,1,0,0,0,0,0,0,safe
2360,296,84,35.52,105,148.0,21.0,22,1,0,0,0,0,0,0,safe
2208,281,76,33.72,100,140.5,20.0,27,1,0,0,0,0,0,0,safe
2462,398,50,47.76,105,199.0,21.0,70,1,0,0,0,0,0,0,safe
2997,381,85,45.72,177,190.5,35.4,50,1,0,0,0,0,0,0,safe
2453,361,81,43.32,70,180.5,14.0,39,1,0,0,1,0,0,0,safe
2237,393,41,47.16,74,196.5,14.8,25,1,1,1,1,0,0,0,caution
2751,336,79,40.32,174,168.0,34.8,70,1,0,0,0,0,0,0,safe
2699,354,95,42.48,107,177.0,21.4,21,1,0,0,0,0,0,0,safe
2079,271,71,32.52,89,135.5,17.8,78,1,0,0,0,0,0,0,safe
2539,394,63,47.28,99,197.0,19.8,30,1,0,0,0,0,0,0,safe
2579,260,95,31.2,171,130.0,34.2,32,1,0,0,0,0,0,0,safe
2393,399,33,47.88,125,199.5,25.0,52,1,1,1,0,0,0,0,safe
2121,270,81,32.4,78,135.0,15.6,18,1,0,0,1,0,0,0,safe
2194,377,38,45.24,86,188.5,17.2,22,1,1,1,0,0,0,0,safe
2073,248,45,29.76,169,124.0,33.8,58,1,1,1,0,0,0,0,safe
1781,254,41,30.48,99,127.0,19.8,52,1,1,1,0,0,0,0,safe
2669,376,53,45.12,172,188.0,34.4,38,1,0,0,0,0,0,0,safe
2144,274,52,32.88,145,137.0,29.0,32,1,0,0,0,0,0,0,safe
2507,261,87,31.32,170,130.5,34.0,45,1,0,0,0,0,0,0,safe
2436,315,56,37.8,168,157.5,33.6,31,1,0,0,0,0,0,0,safe
1328,172,44,20.64,61,86.0,12.2,39,1,1,1,1,0,0,0,caution
2355,300,71,36.0,129,150.0,25.8,49,1,0,0,0,0,0,0,safe
2176,266,60,31.92,143,133.0,28.6,22,1,0,0,0,0,0,0,safe
2732,384,92,46.08,92,192.0,18.4,67,1,0,0,0,0,0,0,safe
2588,396,60,47.52,116,198.0,23.2,41,1,0,0,0,0,0,0,safe
1942,151,90,18.12,132,75.5,26.4,61,1,0,0,0,0,0,0,safe
2016,226,84,27.12,89,113.0,17.8,71,1,0,0,0,0,0,0,safe
1844,190,52,22.8,154,95.0,30.8,22,1,0,0,0,0,0,0,safe
2157,248,77,29.76,118,124.0,23.6,68,1,0,0,0,0,0,0,safe
2847,342,99,41.04,147,171.0,29.4,31,1,0,0,0,0,0,0,safe
1451,150,47,18.0,107,75.0,21.4,42,1,1,1,0,0,0,0,safe
2293,272,69,32.64,146,136.0,29.2,71,1,0,0,0,0,0,0,safe
2429,329,61,39.48,141,164.5,28.2,31,1,0,0,0,0,0,0,safe
2933,346,93,41.52,178,173.0,35.6,46,1,0,0,0,0,0,0,safe
1653,278,33,33.36,61,139.0,12.2,51,1,1,1,1,0,0,0,caution
2452,301,88,36.12,114,150.5,22.8,41,1,0,0,0,0,0,0,safe
2253,236,89,28.32,127,118.0,25.4,76,1,0,0,0,0,0,0,safe
2631,366,71,43.92,132,183.0,26.4,43,1,0,0,0,0,0,0,safe
1421,174,45,20.88,80,87.0,16.0,78,1,1,1,0,0,0,0,safe
1765,200,45,24.0,140,100.0,28.0,34,1,1,1,0,0,0,0,safe
1515,195,39,23.4,96,97.5,19.2,40,1,1,1,0,0,0,0,safe
2021,273,37,32.76,149,136.5,29.8,67,1,1,1,0,0,0,0,safe
1936,312,44,37.44,73,156.0,14.6,23,1,1,1,1,0,0,0,caution
1520,226,44,27.12,55,113.0,11.0,34,1,1,1,1,0,0,0,caution
1426,152,38,18.24,119,76.0,23.8,32,1,1,1,0,0,0,0,safe
2203,254,75,30.48,128,127.0,25.6,28,1,0,0,0,0,0,0,safe
2957,393,97,47.16,128,196.5,25.6,48,1,0,0,0,0,0,0,safe
2551,372,67,44.64,115,186.0,23.0,58,1,0,0,0,0,0,0,safe
2768,353,72,42.36,177,176.5,35.4,58,1,0,0,0,0,0,0,safe
2304,266,88,31.92,112,133.0,22.4,71,1,0,0,0,0,0,0,safe
1926,315,50,37.8,54,157.5,10.8,42,1,0,0,1,0,0,0,safe
2229,221,81,26.52,154,110.5,30.8,52,1,0,0,0,0,0,0,safe
2477,359,41,43.08,168,179.5,33.6,58,1,1,1,0,0,0,0,safe
2319,391,35,46.92,110,195.5,22.0,61,1,1,1,0,0,0,0,safe
2474,342,66,41.04,128,171.0,25.6,26,1,0,0,0,0,0,0,safe
2463,395,47,47.4,115,197.5,23.0,62,1,1,1,0,0,0,0,safe
1923,328,35,39.36,74,164.0,14.8,24,1,1,1,1,0,0,0,caution
1768,257,60,30.84,50,128.5,10.0,33,0,0,0,1,0,0,0,safe
1689,158,41,18.96,172,79.0,34.4,54,1,1,1,0,0,0,0,safe
2778,385,70,46.2,152,192.5,30.4,43,1,0,0,0,0,0,0,safe
2535,321,95,38.52,99,160.5,19.8,33,1,0,0,0,0,0,0,safe
2137,328,45,39.36,105,164.0,21.0,32,1,1,1,0,0,0,0,safe
2418,387,74,46.44,51,193.5,10.2,54,1,0,0,1,0,0,0,safe
2060,150,96,18.0,149,75.0,29.8,27,1,0,0,0,0,0,0,safe
1764,221,64,26.52,76,110.5,15.2,59,1,0,0,1,0,0,0,safe
1959,359,31,43.08,61,179.5,12.2,29,1,1,1,1,0,0,0,caution
1594,248,38,29.76,65,124.0,13.0,36,1,1,1,1,0,0,0,caution
2287,366,35,43.92,127,183.0,25.4,58,1,1,1,0,0,0,0,safe
1976,173,80,20.76,141,86.5,28.2,29,1,0,0,0,0,0,0,safe
2003,161,91,19.32,135,80.5,27.0,32,1,0,0,0,0,0,0,safe
1397,163,53,19.56,67,81.5,13.4,60,1,0,0,1,0,0,0,safe
2148,174,96,20.88,147,87.0,29.4,51,1,0,0,0,0,0,0,safe
2248,304,92,36.48,51,152.0,10.2,35,1,0,0,1,0,0,0,safe
2247,316,75,37.92,77,158.0,15.4,51,1,0,0,1,0,0,0,safe
2719,341,83,40.92,152,170.5,30.4,61,1,0,0,0,0,0,0,safe
2341,375,49,45.0,100,187.5,20.0,75,1,1,1,0,0,0,0,safe
1939,213,79,25.56,94,106.5,18.8,22,1,0,0,0,0,0,0,safe
2240,197,96,23.64,147,98.5,29.4,23,1,0,0,0,0,0,0,safe
1518,177,62,21.24,63,88.5,12.6,61,1,0,0,1,0,0,0,safe
1829,213,61,25.56,107,106.5,21.4,57,1,0,0,0,0,0,0,safe
2097,214,97,25.68,92,107.0,18.4,67,1,0,0,0,0,0,0,safe
1751,197,39,23.64,153,98.5,30.6,22,1,1,1,0,0,0,0,safe
1535,203,55,24.36,57,101.5,11.4,19,1,0,0,1,0,0,0,safe
2703,375,75,45.0,132,187.5,26.4,56,1,0,0,0,0,0,0,safe
1766,175,90,21.0,64,87.5,12.8,71,1,0,0,1,0,0,0,safe
2815,395,91,47.4,104,197.5,20.8,38,1,0,0,0,0,0,0,safe
2395,357,51,42.84,127,178.5,25.4,47,1,0,0,0,0,0,0,safe
2399,398,63,47.76,60,199.0,12.0,34,1,0,0,1,0,0,0,safe
2802,385,70,46.2,158,192.5,31.6,73,1,0,0,0,0,0,0,safe
1578,156,30,18.72,171,78.0,34.2,23,0,1,1,0,0,0,0,safe
2354,380,42,45.6,114,190.0,22.8,36,1,1,1,0,0,0,0,safe
2011,219,95,26.28,70,109.5,14.0,23,1,0,0,1,0,0,0,safe
1901,217,49,26.04,148,108.5,29.6,26,1,1,1,0,0,0,0,safe
2097,287,33,34.44,163,143.5,32.6,32,1,1,1,0,0,0,0,safe
2644,307,88,36.84,156,153.5,31.2,53,1,0,0,0,0,0,0,safe
1908,248,64,29.76,85,124.0,17.0,46,1,0,0,0,0,0,0,safe
2648,377,84,45.24,96,188.5,19.2,48,1,0,0,0,0,0,0,safe
2024,214,52,25.68,175,107.0,35.0,62,1,0,0,0,0,0,0,safe
2461,264,93,31.68,142,132.0,28.4,59,1,0,0,0,0,0,0,safe
1639,244,35,29.28,87,122.0,17.4,22,1,1,1,0,0,0,0,safe
1745,159,73,19.08,113,79.5,22.6,44,1,0,0,0,0,0,0,safe
2503,384,51,46.08,127,192.0,25.4,24,1,0,0,0,0,0,0,safe
2282,271,58,32.52,169,135.5,33.8,41,1,0,0,0,0,0,0,safe
1646,207,54,24.84,83,103.5,16.6,39,1,0,0,0,0,0,0,safe
2346,246,90,29.52,138,123.0,27.6,52,1,0,0,0,0,0,0,safe
1356,163,32,19.56,104,81.5,20.8,47,1,1,1,0,0,0,0,safe
2330,386,46,46.32,93,193.0,18.6,54,1,1,1,0,0,0,0,safe
2362,269,66,32.28,173,134.5,34.6,25,1,0,0,0,0,0,0,safe
1634,184,58,22.08,94,92.0,18.8,51,1,0,0,0,0,0,0,safe
2021,326,49,39.12,69,163.0,13.8,79,1,1,1,1,0,0,0,caution
2380,304,96,36.48,75,152.0,15.0,62,1,0,0,1,0,0,0,safe
2252,307,60,36.84,121,153.5,24.2,32,1,0,0,0,0,0,0,safe
2177,341,49,40.92,93,170.5,18.6,75,1,1,1,0,0,0,0,safe
2036,287,72,34.44,60,143.5,12.0,37,1,0,0,1,0,0,0,safe
2249,374,61,44.88,51,187.0,10.2,31,1,0,0,1,0,0,0,safe
2176,179,84,21.48,176,89.5,35.2,53,1,0,0,0,0,0,0,safe
2124,237,96,28.44,78,118.5,15.6,71,1,0,0,1,0,0,0,safe
1988,259,56,31.08,112,129.5,22.4,71,1,0,0,0,0,0,0,safe
2355,254,91,30.48,130,127.0,26.0,21,1,0,0,0,0,0,0,safe
2126,204,82,24.48,143,102.0,28.6,28,1,0,0,0,0,0,0,safe
1698,260,46,31.2,61,130.0,12.2,36,1,1,1,1,0,0,0,caution
1988,278,60,33.36,84,139.0,16.8,48,1,0,0,0,0,0,0,safe
2354,352,42,42.24,142,176.0,28.4,68,1,1,1,0,0,0,0,safe
2522,351,62,42.12,140,175.5,28.0,75,1,0,0,0,0,0,0,safe
1977,179,73,21.48,151,89.5,30.2,43,1,0,0,0,0,0,0,safe
2516,390,60,46.8,104,195.0,20.8,21,1,0,0,0,0,0,0,safe
1789,221,73,26.52,62,110.5,12.4,31,1,0,0,1,0,0,0,safe
2018,300,34,36.0,128,150.0,25.6,33,1,1,1,0,0,0,0,safe
2790,381,62,45.72,177,190.5,35.4,41,1,0,0,0,0,0,0,safe
1925,247,61,29.64,97,123.5,19.4,72,1,0,0,0,0,0,0,safe
1946,244,62,29.28,103,122.0,20.6,71,1,0,0,0,0,0,0,safe
1883,175,63,21.0,154,87.5,30.8,71,1,0,0,0,0,0,0,safe
2480,330,76,39.6,119,165.0,23.8,76,1,0,0,0,0,0,0,safe
2360,254,72,30.48,174,127.0,34.8,21,1,0,0,0,0,0,0,safe
2430,341,54,40.92,145,170.5,29.0,46,1,0,0,0,0,0,0,safe
2195,355,39,42.6,106,177.5,21.2,27,1,1,1,0,0,0,0,safe
1805,166,81,19.92,103,83.0,20.6,27,1,0,0,0,0,0,0,safe
2694,388,82,46.56,101,194.0,20.2,49,1,0,0,0,0,0,0,safe
2188,256,80,30.72,111,128.0,22.2,25,1,0,0,0,0,0,0,safe
2104,209,68,25.08,164,104.5,32.8,55,1,0,0,0,0,0,0,safe
1680,163,76,19.56,86,81.5,17.2,73,1,0,0,0,0,0,0,safe
2049,342,49,41.04,60,171.0,12.0,41,1,1,1,1,0,0,0,caution
2757,300,97,36.0,171,150.0,34.2,55,1,0,0,0,0,0,0,safe
2194,287,62,34.44,122,143.5,24.4,29,1,0,0,0,0,0,0,safe
2272,345,44,41.4,124,172.5,24.8,39,1,1,1,0,0,0,0,safe
1926,249,34,29.88,156,124.5,31.2,56,1,1,1,0,0,0,0,safe
2071,165,91,19.8,148,82.5,29.6,44,1,0,0,0,0,0,0,safe
2484,288,96,34.56,117,144.0,23.4,40,1,0,0,0,0,0,0,safe
1889,236,77,28.32,63,118.0,12.6,35,1,0,0,1,0,0,0,safe
2272,252,72,30.24,154,126.0,30.8,57,1,0,0,0,0,0,0,safe
2320,315,76,37.8,94,157.5,18.8,53,1,0,0,0,0,0,0,safe
1364,163,40,19.56,88,81.5,17.6,21,1,1,1,0,0,0,0,safe
2117,302,53,36.24,108,151.0,21.6,64,1,0,0,0,0,0,0,safe
2928,394,84,47.28,149,197.0,29.8,52,1,0,0,0,0,0,0,safe
2444,282,92,33.84,122,141.0,24.4,28,1,0,0,0,0,0,0,safe
2223,366,59,43.92,57,183.0,11.4,50,1,0,0,1,0,0,0,safe
2438,339,82,40.68,86,169.5,17.2,30,1,0,0,0,0,0,0,safe
2447,350,75,42.0,93,175.0,18.6,73,1,0,0,0,0,0,0,safe
2454,392,74,47.04,55,196.0,11.0,44,1,0,0,1,0,0,0,safe
1920,224,40,26.88,166,112.0,33.2,36,1,1,1,0,0,0,0,safe
2345,374,41,44.88,120,187.0,24.0,35,1,1,1,0,0,0,0,safe
1898,252,30,30.24,155,126.0,31.0,77,0,1,1,0,0,0,0,safe
2928,396,96,47.52,120,198.0,24.0,54,1,0,0,0,0,0,0,safe
2098,397,30,47.64,60,198.5,12.0,18,0,1,1,1,0,0,0,caution
2146,372,50,44.64,52,186.0,10.4,63,1,0,0,1,0,0,0,safe
2150,354,38,42.48,98,177.0,19.6,61,1,1,1,0,0,0,0,safe
1887,294,47,35.28,72,147.0,14.4,37,1,1,1,1,0,0,0,caution
1857,179,73,21.48,121,89.5,24.2,26,1,0,0,0,0,0,0,safe
2192,346,64,41.52,58,173.0,11.6,31,1,0,0,1,0,0,0,safe
2392,225,96,27.0,157,112.5,31.4,45,1,0,0,0,0,0,0,safe
1609,161,85,19.32,50,80.5,10.0,23,0,0,0,1,0,0,0,safe
1271,160,43,19.2,61,80.0,12.2,20,1,1,1,1,0,0,0,caution
1833,224,53,26.88,115,112.0,23.0,51,1,0,0,0,0,0,0,safe
2202,288,82,34.56,78,144.0,15.6,75,1,0,0,1,0,0,0,safe
2247,274,95,32.88,74,137.0,14.8,25,1,0,0,1,0,0,0,safe
1714,187,70,22.44,84,93.5,16.8,70,1,0,0,0,0,0,0,safe
2377,388,45,46.56,105,194.0,21.0,72,1,1,1,0,0,0,0,safe
2903,381,79,45.72,167,190.5,33.4,77,1,0,0,0,0,0,0,safe
1611,202,51,24.24,86,101.0,17.2,60,1,0,0,0,0,0,0,safe
2615,398,55,47.76,132,199.0,26.4,22,1,0,0,0,0,0,0,safe
2649,370,85,44.4,101,185.0,20.2,72,1,0,0,0,0,0,0,safe
2284,209,88,25.08,164,104.5,32.8,43,1,0,0,0,0,0,0,safe
1919,233,47,27.96,141,116.5,28.2,45,1,1,1,0,0,0,0,safe
2573,354,69,42.48,134,177.0,26.8,37,1,0,0,0,0,0,0,safe
2273,360,69,43.2,53,180.0,10.6,75,1,0,0,1,0,0,0,safe
1420,157,56,18.84,72,78.5,14.4,63,1,0,0,1,0,0,0,safe
2187,338,47,40.56,103,169.0,20.6,41,1,1,1,0,0,0,0,safe
1621,191,69,22.92,59,95.5,11.8,23,1,0,0,1,0,0,0,safe
1623,188,71,22.56,58,94.0,11.6,20,1,0,0,1,0,0,0,safe
2670,378,58,45.36,159,189.0,31.8,61,1,0,0,0,0,0,0,safe
2179,212,91,25.44,128,106.0,25.6,66,1,0,0,0,0,0,0,safe
1828,206,44,24.72,152,103.0,30.4,38,1,1,1,0,0,0,0,safe
2076,304,64,36.48,71,152.0,14.2,47,1,0,0,1,0,0,0,safe
2462,353,50,42.36,150,176.5,30.0,50,1,0,0,0,0,0,0,safe
1899,172,91,20.64,98,86.0,19.6,57,1,0,0,0,0,0,0,safe
1947,187,91,22.44,95,93.5,19.0,53,1,0,0,0,0,0,0,safe
1388,174,40,20.88,83,87.0,16.6,41,1,1,1,0,0,0,0,safe
1551,205,31,24.6,113,102.5,22.6,73,1,1,1,0,0,0,0,safe
2652,286,88,34.32,179,143.0,35.8,53,1,0,0,0,0,0,0,safe
2462,279,82,33.48,152,139.5,30.4,37,1,0,0,0,0,0,0,safe
1260,165,40,19.8,60,82.5,12.0,63,1,1,1,1,0,0,0,caution
2825,395,97,47.4,93,197.5,18.6,58,1,0,0,0,0,0,0,safe
2459,312,63,37.44,161,156.0,32.2,23,1,0,0,0,0,0,0,safe
2240,245,88,29.4,117,122.5,23.4,77,1,0,0,0,0,0,0,safe
2859,384,99,46.08,108,192.0,21.6,70,1,0,0,0,0,0,0,safe
2418,273,74,32.76,165,136.5,33.0,49,1,0,0,0,0,0,0,safe
2761,399,53,47.88,172,199.5,34.4,30,1,0,0,0,0,0,0,safe
2573,394,37,47.28,166,197.0,33.2,59,1,1,1,0,0,0,0,safe
2300,375,60,45.0,65,187.5,13.0,66,1,0,0,1,0,0,0,safe
2594,336,66,40.32,164,168.0,32.8,63,1,0,0,0,0,0,0,safe
2438,306,94,36.72,92,153.0,18.4,73,1,0,0,0,0,0,0,safe
2283,275,87,33.0,100,137.5,20.0,46,1,0,0,0,0,0,0,safe
2087,272,67,32.64,99,136.0,19.8,76,1,0,0,0,0,0,0,safe
2375,327,55,39.24,143,163.5,28.6,58,1,0,0,0,0,0,0,safe
2695,385,71,46.2,129,192.5,25.8,29,1,0,0,0,0,0,0,safe
2083,210,67,25.2,160,105.0,32.0,52,1,0,0,0,0,0,0,safe
2984,394,80,47.28,172,197.0,34.4,68,1,0,0,0,0,0,0,safe
2276,216,92,25.92,146,108.0,29.2,54,1,0,0,0,0,0,0,safe
1784,219,48,26.28,119,109.5,23.8,18,1,1,1,0,0,0,0,safe
2712,366,80,43.92,132,183.0,26.4,49,1,0,0,0,0,0,0,safe
2056,273,44,32.76,142,136.5,28.4,78,1,1,1,0,0,0,0,safe
1730,210,58,25.2,92,105.0,18.4,76,1,0,0,0,0,0,0,safe
1983,257,55,30.84,115,128.5,23.0,18,1,0,0,0,0,0,0,safe
2063,312,43,37.44,107,156.0,21.4,73,1,1,1,0,0,0,0,safe
2220,258,64,30.96,153,129.0,30.6,73,1,0,0,0,0,0,0,safe
2324,316,92,37.92,58,158.0,11.6,21,1,0,0,1,0,0,0,safe
2116,325,44,39.0,105,162.5,21.0,50,1,1,1,0,0,0,0,safe
1906,248,78,29.76,53,124.0,10.6,25,1,0,0,1,0,0,0,safe
2216,313,36,37.56,160,156.5,32.0,60,1,1,1,0,0,0,0,safe
2631,386,95,46.32,58,193.0,11.6,71,1,0,0,1,0,0,0,safe
1905,225,49,27.0,141,112.5,28.2,41,1,1,1,0,0,0,0,safe
1654,218,30,26.16,128,109.0,25.6,56,0,1,1,0,0,0,0,safe
2343,251,99,30.12,112,125.5,22.4,69,1,0,0,0,0,0,0,safe
2022,250,54,30.0,134,125.0,26.8,54,1,0,0,0,0,0,0,safe
1795,150,55,18.0,175,75.0,35.0,46,1,0,0,0,0,0,0,safe
2189,278,81,33.36,87,139.0,17.4,19,1,0,0,0,0,0,0,safe
2335,336,79,40.32,70,168.0,14.0,33,1,0,0,1,0,0,0,safe
1833,167,73,20.04,127,83.5,25.4,39,1,0,0,0,0,0,0,safe
2059,266,35,31.92,170,133.0,34.0,53,1,1,1,0,0,0,0,safe
2358,228,94,27.36,150,114.0,30.0,30,1,0,0,0,0,0,0,safe
2800,392,88,47.04,110,196.0,22.0,37,1,0,0,0,0,0,0,safe
2376,362,60,43.44,97,181.0,19.4,32,1,0,0,0,0,0,0,safe
2441,350,49,42.0,150,175.0,30.0,64,1,1,1,0,0,0,0,safe
2052,285,60,34.2,93,142.5,18.6,26,1,0,0,0,0,0,0,safe
2149,338,45,40.56,98,169.0,19.6,64,1,1,1,0,0,0,0,safe
2020,200,60,24.0,170,100.0,34.0,42,1,0,0,0,0,0,0,safe
2569,325,97,39.0,99,162.5,19.8,44,1,0,0,0,0,0,0,safe
2501,388,45,46.56,136,194.0,27.2,68,1,1,1,0,0,0,0,safe
1911,244,35,29.28,155,122.0,31.0,34,1,1,1,0,0,0,0,safe
2567,391,79,46.92,73,195.5,14.6,41,1,0,0,1,0,0,0,safe
2667,306,83,36.72,174,153.0,34.8,48,1,0,0,0,0,0,0,safe
1742,227,46,27.24,105,113.5,21.0,58,1,1,1,0,0,0,0,safe
2212,252,88,30.24,103,126.0,20.6,20,1,0,0,0,0,0,0,safe
2628,324,96,38.88,117,162.0,23.4,28,1,0,0,0,0,0,0,safe
2100,175,76,21.0,179,87.5,35.8,21,1,0,0,0,0,0,0,safe
1832,262,36,31.44,115,131.0,23.0,41,1,1,1,0,0,0,0,safe
1904,295,36,35.4,100,147.5,20.0,39,1,1,1,0,0,0,0,safe
1716,236,44,28.32,94,118.0,18.8,65,1,1,1,0,0,0,0,safe
2336,372,36,44.64,131,186.0,26.2,68,1,1,1,0,0,0,0,safe
2273,249,81,29.88,137,124.5,27.4,61,1,0,0,0,0,0,0,safe
2778,367,94,44.04,116,183.5,23.2,64,1,0,0,0,0,0,0,safe
2342,301,94,36.12,73,150.5,14.6,34,1,0,0,1,0,0,0,safe
2686,338,70,40.56,176,169.0,35.2,49,1,0,0,0,0,0,0,safe
1768,255,36,30.6,106,127.5,21.2,57,1,1,1,0,0,0,0,safe
2498,367,42,44.04,163,183.5,32.6,71,1,1,1,0,0,0,0,safe
2218,214,86,25.68,147,107.0,29.4,58,1,0,0,0,0,0,0,safe
2340,275,96,33.0,94,137.5,18.8,40,1,0,0,0,0,0,0,safe
2342,338,38,40.56,162,169.0,32.4,26,1,1,1,0,0,0,0,safe
2011,160,91,19.2,138,80.0,27.6,42,1,0,0,0,0,0,0,safe
2511,361,47,43.32,161,180.5,32.2,43,1,1,1,0,0,0,0,safe
2065,350,37,42.0,83,175.0,16.6,27,1,1,1,0,0,0,0,safe
2418,391,62,46.92,74,195.5,14.8,41,1,0,0,1,0,0,0,safe
1956,275,40,33.0,124,137.5,24.8,71,1,1,1,0,0,0,0,safe
2393,336,49,40.32,152,168.0,30.4,78,1,1,1,0,0,0,0,safe
2551,310,99,37.2,105,155.0,21.0,56,1,0,0,0,0,0,0,safe
2146,304,34,36.48,156,152.0,31.2,71,1,1,1,0,0,0,0,safe
1379,203,39,24.36,54,101.5,10.8,35,1,1,1,1,0,0,0,caution
2503,388,51,46.56,123,194.0,24.6,39,1,0,0,0,0,0,0,safe
1750,200,74,24.0,71,100.0,14.2,25,1,0,0,1,0,0,0,safe
2754,347,94,41.64,130,173.5,26.0,40,1,0,0,0,0,0,0,safe
2401,377,53,45.24,104,188.5,20.8,46,1,0,0,0,0,0,0,safe
2573,346,89,41.52,97,173.0,19.4,75,1,0,0,0,0,0,0,safe
2261,270,65,32.4,149,135.0,29.8,23,1,0,0,0,0,0,0,safe
2270,283,78,33.96,109,141.5,21.8,55,1,0,0,0,0,0,0,safe
1944,204,64,24.48,138,102.0,27.6,41,1,0,0,0,0,0,0,safe
2640,295,88,35.4,167,147.5,33.4,63,1,0,0,0,0,0,0,safe
1878,199,58,23.88,140,99.5,28.0,42,1,0,0,0,0,0,0,safe
2539,316,83,37.92,132,158.0,26.4,55,1,0,0,0,0,0,0,safe
1671,158,71,18.96,100,79.0,20.0,55,1,0,0,0,0,0,0,safe
1594,223,38,26.76,90,111.5,18.0,39,1,1,1,0,0,0,0,safe
1663,257,39,30.84,71,128.5,14.2,34,1,1,1,1,0,0,0,caution
1486,190,30,22.8,114,95.0,22.8,64,0,1,1,0,0,0,0,safe
2955,398,99,47.76,118,199.0,23.6,55,1,0,0,0,0,0,0,safe
1852,182,56,21.84,155,91.0,31.0,36,1,0,0,0,0,0,0,safe
2131,354,55,42.48,55,177.0,11.0,47,1,0,0,1,0,0,0,safe
1986,242,50,29.04,142,121.0,28.4,21,1,0,0,0,0,0,0,safe
1828,335,32,40.2,50,167.5,10.0,71,0,1,0,1,0,0,0,safe
1921,193,73,23.16,123,96.5,24.6,56,1,0,0,0,0,0,0,safe
2506,314,82,37.68,128,157.0,25.6,33,1,0,0,0,0,0,0,safe
2423,382,31,45.84,154,191.0,30.8,71,1,1,1,0,0,0,0,safe
2125,190,97,22.8,123,95.0,24.6,62,1,0,0,0,0,0,0,safe
1557,210,41,25.2,87,105.0,17.4,29,1,1,1,0,0,0,0,safe
2068,269,60,32.28,113,134.5,22.6,27,1,0,0,0,0,0,0,safe
2197,246,57,29.52,175,123.0,35.0,37,1,0,0,0,0,0,0,safe
2425,293,61,35.16,176,146.5,35.2,41,1,0,0,0,0,0,0,safe
2065,317,57,38.04,71,158.5,14.2,31,1,0,0,1,0,0,0,safe
2648,273,96,32.76,173,136.5,34.6,37,1,0,0,0,0,0,0,safe
1804,151,96,18.12,84,75.5,16.8,62,1,0,0,0,0,0,0,safe
2325,383,61,45.96,61,191.5,12.2,59,1,0,0,1,0,0,0,safe
2308,318,56,38.16,133,159.0,26.6,21,1,0,0,0,0,0,0,safe
1468,201,40,24.12,76,100.5,15.2,55,1,1,1,1,0,0,0,caution
2092,308,64,36.96,71,154.0,14.2,25,1,0,0,1,0,0,0,safe
2067,239,59,28.68,145,119.5,29.0,36,1,0,0,0,0,0,0,safe
2798,397,58,47.64,172,198.5,34.4,61,1,0,0,0,0,0,0,safe
1915,199,83,23.88,93,99.5,18.6,57,1,0,0,0,0,0,0,safe
1337,159,33,19.08,101,79.5,20.2,75,1,1,1,0,0,0,0,safe
1307,152,47,18.24,69,76.0,13.8,43,1,1,1,1,0,0,0,caution
1507,171,31,20.52,136,85.5,27.2,50,1,1,1,0,0,0,0,safe
2260,170,96,20.4,179,85.0,35.8,23,1,0,0,0,0,0,0,safe
2163,301,59,36.12,107,150.5,21.4,73,1,0,0,0,0,0,0,safe
2822,377,78,45.24,153,188.5,30.6,73,1,0,0,0,0,0,0,safe
1889,191,81,22.92,99,95.5,19.8,31,1,0,0,0,0,0,0,safe
1708,160,60,19.2,132,80.0,26.4,73,1,0,0,0,0,0,0,safe
2187,240,59,28.8,174,120.0,34.8,63,1,0,0,0,0,0,0,safe
2241,316,65,37.92,98,158.0,19.6,39,1,0,0,0,0,0,0,safe
2495,352,55,42.24,148,176.0,29.6,65,1,0,0,0,0,0,0,safe
2328,302,76,36.24,109,151.0,21.8,23,1,0,0,0,0,0,0,safe
2156,360,40,43.2,89,180.0,17.8,34,1,1,1,0,0,0,0,safe
1554,174,30,20.88,147,87.0,29.4,70,0,1,1,0,0,0,0,safe
1894,215,62,25.8,119,107.5,23.8,41,1,0,0,0,0,0,0,safe
1849,262,33,31.44,126,131.0,25.2,46,1,1,1,0,0,0,0,safe
3113,390,97,46.8,170,195.0,34.0,73,1,0,0,0,0,0,0,safe
2234,224,74,26.88,168,112.0,33.6,27,1,0,0,0,0,0,0,safe
2495,250,83,30.0,187,125.0,37.4,55,1,0,0,0,0,0,0,safe
1535,154,51,18.48,115,77.0,23.0,19,1,0,0,0,0,0,0,safe
3517,352,117,42.24,264,176.0,52.8,31,1,0,0,0,0,0,0,safe
1237,124,41,14.88,93,62.0,18.6,69,1,1,1,0,1,0,1,avoid
2226,223,74,26.76,167,111.5,33.4,39,1,0,0,0,0,0,0,safe
2011,201,67,24.12,151,100.5,30.2,26,1,0,0,0,0,0,0,safe
3037,304,101,36.48,228,152.0,45.6,23,1,0,0,0,0,0,0,safe
2218,222,74,26.64,166,111.0,33.2,42,1,0,0,0,0,0,0,safe
3157,316,105,37.92,237,158.0,47.4,61,1,0,0,0,0,0,0,safe
1986,199,66,23.88,149,99.5,29.8,41,1,0,0,0,0,0,0,safe
2205,221,73,26.52,166,110.5,33.2,32,1,0,0,0,0,0,0,safe
1816,182,60,21.84,137,91.0,27.4,28,1,0,0,0,0,0,0,safe
2015,202,67,24.24,151,101.0,30.2,30,1,0,0,0,0,0,0,safe
2234,224,74,26.88,168,112.0,33.6,65,1,0,0,0,0,0,0,safe
2383,239,79,28.68,179,119.5,35.8,49,1,0,0,0,0,0,0,safe
3645,365,121,43.8,274,182.5,54.8,69,1,0,0,0,0,0,0,safe
3037,304,101,36.48,228,152.0,45.6,21,1,0,0,0,0,0,0,safe
1332,134,44,16.08,100,67.0,20.0,60,1,1,1,0,1,0,1,avoid
3124,313,104,37.56,234,156.5,46.8,30,1,0,0,0,0,0,0,safe
2346,235,78,28.2,176,117.5,35.2,27,1,0,0,0,0,0,0,safe
2735,274,91,32.88,205,137.0,41.0,70,1,0,0,0,0,0,0,safe
2106,211,70,25.32,158,105.5,31.6,56,1,0,0,0,0,0,0,safe
2640,264,88,31.68,198,132.0,39.6,58,1,0,0,0,0,0,0,safe
1237,124,41,14.88,93,62.0,18.6,63,1,1,1,0,1,0,1,avoid
3149,315,105,37.8,236,157.5,47.2,33,1,0,0,0,0,0,0,safe
1651,165,55,19.8,124,82.5,24.8,59,1,0,0,0,0,0,0,safe
1394,140,46,16.8,105,70.0,21.0,36,1,1,1,0,1,0,1,avoid
2561,257,85,30.84,192,128.5,38.4,49,1,0,0,0,0,0,0,safe
3600,360,120,43.2,270,180.0,54.0,19,1,0,0,0,0,0,0,safe
2445,245,81,29.4,184,122.5,36.8,45,1,0,0,0,0,0,0,safe
2077,208,69,24.96,156,104.0,31.2,49,1,0,0,0,0,0,0,safe
2760,276,92,33.12,207,138.0,41.4,45,1,0,0,0,0,0,0,safe
1291,129,43,15.48,97,64.5,19.4,45,1,1,1,0,1,0,1,avoid
2743,275,91,33.0,206,137.5,41.2,38,1,0,0,0,0,0,0,safe
2263,227,75,27.24,170,113.5,34.0,49,1,0,0,0,0,0,0,safe
3058,306,102,36.72,229,153.0,45.8,57,1,0,0,0,0,0,0,safe
2714,272,90,32.64,204,136.0,40.8,28,1,0,0,0,0,0,0,safe
3480,348,116,41.76,261,174.0,52.2,42,1,0,0,0,0,0,0,safe
2474,248,82,29.76,186,124.0,37.2,19,1,0,0,0,0,0,0,safe
1957,196,65,23.52,147,98.0,29.4,56,1,0,0,0,0,0,0,safe
3575,358,119,42.96,268,179.0,53.6,39,1,0,0,0,0,0,0,safe
2309,231,77,27.72,173,115.5,34.6,19,1,0,0,0,0,0,0,safe
2251,225,75,27.0,169,112.5,33.8,49,1,0,0,0,0,0,0,safe
1332,134,44,16.08,100,67.0,20.0,28,1,1,1,0,1,0,1,avoid
2143,215,71,25.8,161,107.5,32.2,25,1,0,0,0,0,0,0,safe
2892,290,96,34.8,217,145.0,43.4,49,1,0,0,0,0,0,0,safe
1899,190,63,22.8,143,95.0,28.6,27,1,0,0,0,0,0,0,safe
2557,256,85,30.72,192,128.0,38.4,31,1,0,0,0,0,0,0,safe
3405,341,113,40.92,256,170.5,51.2,34,1,0,0,0,0,0,0,safe
4022,402,134,48.24,302,201.0,60.4,46,1,0,0,0,0,0,0,safe
2644,265,88,31.8,198,132.5,39.6,43,1,0,0,0,0,0,0,safe
2114,212,70,25.44,159,106.0,31.8,51,1,0,0,0,0,0,0,safe
3157,316,105,37.92,237,158.0,47.4,42,1,0,0,0,0,0,0,safe
2383,239,79,28.68,179,119.5,35.8,34,1,0,0,0,0,0,0,safe
3343,335,111,40.2,251,167.5,50.2,30,1,0,0,0,0,0,0,safe
3045,305,101,36.6,229,152.5,45.8,39,1,0,0,0,0,0,0,safe
2168,217,72,26.04,163,108.5,32.6,62,1,0,0,0,0,0,0,safe
1688,169,56,20.28,127,84.5,25.4,61,1,0,0,0,0,0,0,safe
1829,183,61,21.96,137,91.5,27.4,65,1,0,0,0,0,0,0,safe
3103,311,103,37.32,233,155.5,46.6,19,1,0,0,0,0,0,0,safe
2520,252,84,30.24,189,126.0,37.8,34,1,0,0,0,0,0,0,safe
1506,151,50,18.12,113,75.5,22.6,61,1,0,0,0,0,0,0,safe
1423,143,47,17.16,107,71.5,21.4,19,1,1,1,0,1,0,1,avoid
2383,239,79,28.68,179,119.5,35.8,57,1,0,0,0,0,0,0,safe
2623,263,87,31.56,197,131.5,39.4,63,1,0,0,0,0,0,0,safe
3509,351,117,42.12,263,175.5,52.6,21,1,0,0,0,0,0,0,safe
2582,258,86,30.96,194,129.0,38.8,43,1,0,0,0,0,0,0,safe
4357,436,145,52.32,327,218.0,65.4,34,1,0,0,0,0,0,0,safe
2052,206,68,24.72,154,103.0,30.8,56,1,0,0,0,0,0,0,safe
1605,161,53,19.32,121,80.5,24.2,63,1,0,0,0,0,0,0,safe
2652,266,88,31.92,199,133.0,39.8,36,1,0,0,0,0,0,0,safe
1568,157,52,18.84,118,78.5,23.6,53,1,0,0,0,0,0,0,safe
3058,306,102,36.72,229,153.0,45.8,38,1,0,0,0,0,0,0,safe
2495,250,83,30.0,187,125.0,37.4,23,1,0,0,0,0,0,0,safe
1866,187,62,22.44,140,93.5,28.0,49,1,0,0,0,0,0,0,safe
1866,187,62,22.44,140,93.5,28.0,68,1,0,0,0,0,0,0,safe
2106,211,70,25.32,158,105.5,31.6,31,1,0,0,0,0,0,0,safe
1200,120,40,14.4,90,60.0,18.0,42,0,1,1,0,1,0,1,avoid
1349,135,45,16.2,101,67.5,20.2,58,1,1,1,0,1,0,1,avoid
3583,359,119,43.08,269,179.5,53.8,24,1,0,0,0,0,0,0,safe
3583,359,119,43.08,269,179.5,53.8,24,1,0,0,0,0,0,0,safe
2917,292,97,35.04,219,146.0,43.8,23,1,0,0,0,0,0,0,safe
3074,308,102,36.96,231,154.0,46.2,48,1,0,0,0,0,0,0,safe
1543,155,51,18.6,116,77.5,23.2,49,1,0,0,0,0,0,0,safe
2346,235,78,28.2,176,117.5,35.2,47,1,0,0,0,0,0,0,safe
2532,254,84,30.48,190,127.0,38.0,29,1,0,0,0,0,0,0,safe
1986,199,66,23.88,149,99.5,29.8,50,1,0,0,0,0,0,0,safe
2520,252,84,30.24,189,126.0,37.8,59,1,0,0,0,0,0,0,safe
1514,152,50,18.24,114,76.0,22.8,56,1,0,0,0,0,0,0,safe
2135,214,71,25.68,160,107.0,32.0,56,1,0,0,0,0,0,0,safe
2048,205,68,24.6,154,102.5,30.8,31,1,0,0,0,0,0,0,safe
3426,343,114,41.16,257,171.5,51.4,70,1,0,0,0,0,0,0,safe
3972,398,132,47.76,298,199.0,59.6,23,1,0,0,0,0,0,0,safe
1200,120,40,14.4,90,60.0,18.0,56,0,1,1,0,1,0,1,avoid
2946,295,98,35.4,221,147.5,44.2,21,1,0,0,0,0,0,0,safe
2847,285,95,34.2,213,142.5,42.6,23,1,0,0,0,0,0,0,safe
2458,246,82,29.52,184,123.0,36.8,35,1,0,0,0,0,0,0,safe
1957,196,65,23.52,147,98.0,29.4,65,1,0,0,0,0,0,0,safe
1957,196,65,23.52,147,98.0,29.4,41,1,0,0,0,0,0,0,safe
1394,140,46,16.8,105,70.0,21.0,70,1,1,1,0,1,0,1,avoid
1245,125,41,15.0,94,62.5,18.8,33,1,1,1,0,1,0,1,avoid
1419,142,47,17.04,107,71.0,21.4,39,1,1,1,0,1,0,1,avoid
2338,234,78,28.08,175,117.0,35.0,47,1,0,0,0,0,0,0,safe
3703,371,123,44.52,278,185.5,55.6,36,1,0,0,0,0,0,0,safe
2847,285,95,34.2,213,142.5,42.6,49,1,0,0,0,0,0,0,safe
3000,300,100,36.0,225,150.0,45.0,54,1,0,0,0,0,0,0,safe
1986,199,66,23.88,149,99.5,29.8,65,1,0,0,0,0,0,0,safe
2921,293,97,35.16,219,146.5,43.8,23,1,0,0,0,0,0,0,safe
3397,340,113,40.8,255,170.0,51.0,60,1,0,0,0,0,0,0,safe
2983,299,99,35.88,224,149.5,44.8,52,1,0,0,0,0,0,0,safe
2412,242,80,29.04,181,121.0,36.2,36,1,0,0,0,0,0,0,safe
2706,271,90,32.52,203,135.5,40.6,67,1,0,0,0,0,0,0,safe
1332,134,44,16.08,100,67.0,20.0,59,1,1,1,0,1,0,1,avoid
2077,208,69,24.96,156,104.0,31.2,26,1,0,0,0,0,0,0,safe
1866,187,62,22.44,140,93.5,28.0,46,1,0,0,0,0,0,0,safe
2023,203,67,24.36,152,101.5,30.4,54,1,0,0,0,0,0,0,safe
2437,244,81,29.28,183,122.0,36.6,22,1,0,0,0,0,0,0,safe
1560,156,52,18.72,117,78.0,23.4,26,1,0,0,0,0,0,0,safe
1887,189,63,22.68,141,94.5,28.2,48,1,0,0,0,0,0,0,safe
2400,240,80,28.8,180,120.0,36.0,56,1,0,0,0,0,0,0,safe
1800,180,60,21.6,135,90.0,27.0,26,1,0,0,0,0,0,0,safe
2888,289,96,34.68,217,144.5,43.4,50,1,0,0,0,0,0,0,safe
2077,208,69,24.96,156,104.0,31.2,33,1,0,0,0,0,0,0,safe
1303,131,43,15.72,98,65.5,19.6,26,1,1,1,0,1,0,1,avoid
1514,152,50,18.24,114,76.0,22.8,69,1,0,0,0,0,0,0,safe
3157,316,105,37.92,237,158.0,47.4,23,1,0,0,0,0,0,0,safe
2354,236,78,28.32,177,118.0,35.4,50,1,0,0,0,0,0,0,safe
2317,232,77,27.84,174,116.0,34.8,70,1,0,0,0,0,0,0,safe
1903,191,63,22.92,143,95.5,28.6,60,1,0,0,0,0,0,0,safe
2437,244,81,29.28,183,122.0,36.6,43,1,0,0,0,0,0,0,safe
2557,256,85,30.72,192,128.0,38.4,25,1,0,0,0,0,0,0,safe
3186,319,106,38.28,239,159.5,47.8,60,1,0,0,0,0,0,0,safe
2367,237,79,28.44,177,118.5,35.4,56,1,0,0,0,0,0,0,safe
2698,270,90,32.4,202,135.0,40.4,21,1,0,0,0,0,0,0,safe
1634,164,54,19.68,123,82.0,24.6,67,1,0,0,0,0,0,0,safe
1903,191,63,22.92,143,95.5,28.6,48,1,0,0,0,0,0,0,safe
3314,332,110,39.84,249,166.0,49.8,43,1,0,0,0,0,0,0,safe
1692,170,56,20.4,127,85.0,25.4,37,1,0,0,0,0,0,0,safe
2309,231,77,27.72,173,115.5,34.6,48,1,0,0,0,0,0,0,safe
1767,177,59,21.24,132,88.5,26.4,28,1,0,0,0,0,0,0,safe
2851,285,95,34.2,214,142.5,42.8,57,1,0,0,0,0,0,0,safe
2309,231,77,27.72,173,115.5,34.6,26,1,0,0,0,0,0,0,safe
2896,290,96,34.8,218,145.0,43.6,56,1,0,0,0,0,0,0,safe
3074,308,102,36.96,231,154.0,46.2,63,1,0,0,0,0,0,0,safe
2234,224,74,26.88,168,112.0,33.6,59,1,0,0,0,0,0,0,safe
1469,147,49,17.64,110,73.5,22.0,64,1,1,1,0,1,0,1,avoid
1506,151,50,18.12,113,75.5,22.6,30,1,0,0,0,0,0,0,safe
2056,206,68,24.72,155,103.0,31.0,32,1,0,0,0,0,0,0,safe
1845,185,61,22.2,139,92.5,27.8,41,1,0,0,0,0,0,0,safe
2160,216,72,25.92,162,108.0,32.4,33,1,0,0,0,0,0,0,safe
1684,169,56,20.28,126,84.5,25.2,32,1,0,0,0,0,0,0,safe
2342,234,78,28.08,176,117.0,35.2,67,1,0,0,0,0,0,0,safe
2040,204,68,24.48,153,102.0,30.6,27,1,0,0,0,0,0,0,safe
3496,350,116,42.0,263,175.0,52.6,33,1,0,0,0,0,0,0,safe
2284,229,76,27.48,171,114.5,34.2,65,1,0,0,0,0,0,0,safe
2429,243,81,29.16,182,121.5,36.4,29,1,0,0,0,0,0,0,safe
2429,243,81,29.16,182,121.5,36.4,67,1,0,0,0,0,0,0,safe
1903,191,63,22.92,143,95.5,28.6,43,1,0,0,0,0,0,0,safe
1200,120,40,14.4,90,60.0,18.0,49,0,1,1,0,1,0,1,avoid
2172,218,72,26.16,163,109.0,32.6,28,1,0,0,0,0,0,0,safe
2325,233,77,27.96,175,116.5,35.0,42,1,0,0,0,0,0,0,safe
3157,316,105,37.92,237,158.0,47.4,50,1,0,0,0,0,0,0,safe
1423,143,47,17.16,107,71.5,21.4,36,1,1,1,0,1,0,1,avoid
2557,256,85,30.72,192,128.0,38.4,24,1,0,0,0,0,0,0,safe
2011,201,67,24.12,151,100.5,30.2,53,1,0,0,0,0,0,0,safe
1531,153,51,18.36,115,76.5,23.0,57,1,0,0,0,0,0,0,safe
1336,134,44,16.08,101,67.0,20.2,49,1,1,1,0,1,0,1,avoid
4051,405,135,48.6,304,202.5,60.8,31,1,0,0,0,0,0,0,safe
3008,301,100,36.12,226,150.5,45.2,37,1,0,0,0,0,0,0,safe
3360,336,112,40.32,252,168.0,50.4,28,1,0,0,0,0,0,0,safe
2168,217,72,26.04,163,108.5,32.6,53,1,0,0,0,0,0,0,safe
1336,134,44,16.08,101,67.0,20.2,41,1,1,1,0,1,0,1,avoid
3165,317,105,38.04,238,158.5,47.6,30,1,0,0,0,0,0,0,safe
1200,120,40,14.4,90,60.0,18.0,62,0,1,1,0,1,0,1,avoid
3128,313,104,37.56,235,156.5,47.0,26,1,0,0,0,0,0,0,safe
3372,338,112,40.56,253,169.0,50.6,27,1,0,0,0,0,0,0,safe
3451,345,115,41.4,259,172.5,51.8,33,1,0,0,0,0,0,0,safe
1949,195,65,23.4,146,97.5,29.2,55,1,0,0,0,0,0,0,safe
1684,169,56,20.28,126,84.5,25.2,39,1,0,0,0,0,0,0,safe
2015,202,67,24.24,151,101.0,30.2,53,1,0,0,0,0,0,0,safe
1382,138,46,16.56,104,69.0,20.8,28,1,1,1,0,1,0,1,avoid
1605,161,53,19.32,121,80.5,24.2,60,1,0,0,0,0,0,0,safe
1920,192,64,23.04,144,96.0,28.8,37,1,0,0,0,0,0,0,safe
1986,199,66,23.88,149,99.5,29.8,65,1,0,0,0,0,0,0,safe
2826,283,94,33.96,212,141.5,42.4,68,1,0,0,0,0,0,0,safe
1597,160,53,19.2,120,80.0,24.0,55,1,0,0,0,0,0,0,safe
2652,266,88,31.92,199,133.0,39.8,51,1,0,0,0,0,0,0,safe
1688,169,56,20.28,127,84.5,25.4,27,1,0,0,0,0,0,0,safe
2429,243,81,29.16,182,121.5,36.4,40,1,0,0,0,0,0,0,safe
2189,219,73,26.28,164,109.5,32.8,37,1,0,0,0,0,0,0,safe
2917,292,97,35.04,219,146.0,43.8,42,1,0,0,0,0,0,0,safe
3240,324,108,38.88,243,162.0,48.6,40,1,0,0,0,0,0,0,safe
3509,351,117,42.12,263,175.5,52.6,40,1,0,0,0,0,0,0,safe
3223,323,107,38.76,242,161.5,48.4,53,1,0,0,0,0,0,0,safe
1663,167,55,20.04,125,83.5,25.0,38,1,0,0,0,0,0,0,safe
3488,349,116,41.88,262,174.5,52.4,22,1,0,0,0,0,0,0,safe
1200,120,40,14.4,90,60.0,18.0,57,0,1,1,0,1,0,1,avoid
3029,303,101,36.36,227,151.5,45.4,35,1,0,0,0,0,0,0,safe
2292,230,76,27.6,172,115.0,34.4,43,1,0,0,0,0,0,0,safe
3240,324,108,38.88,243,162.0,48.6,64,1,0,0,0,0,0,0,safe
3124,313,104,37.56,234,156.5,46.8,46,1,0,0,0,0,0,0,safe
1866,187,62,22.44,140,93.5,28.0,40,1,0,0,0,0,0,0,safe
2971,297,99,35.64,223,148.5,44.6,51,1,0,0,0,0,0,0,safe
2499,250,83,30.0,188,125.0,37.6,62,1,0,0,0,0,0,0,safe
2077,208,69,24.96,156,104.0,31.2,45,1,0,0,0,0,0,0,safe
3240,324,108,38.88,243,162.0,48.6,45,1,0,0,0,0,0,0,safe
2367,237,79,28.44,177,118.5,35.4,27,1,0,0,0,0,0,0,safe
1858,186,62,22.32,139,93.0,27.8,64,1,0,0,0,0,0,0,safe
3327,333,111,39.96,249,166.5,49.8,34,1,0,0,0,0,0,0,safe
4299,430,143,51.6,323,215.0,64.6,42,1,0,0,0,0,0,0,safe
2114,212,70,25.44,159,106.0,31.8,25,1,0,0,0,0,0,0,safe
2019,202,67,24.24,152,101.0,30.4,24,1,0,0,0,0,0,0,safe
2408,241,80,28.92,181,120.5,36.2,26,1,0,0,0,0,0,0,safe
1680,168,56,20.16,126,84.0,25.2,39,1,0,0,0,0,0,0,safe
2491,249,83,29.88,187,124.5,37.4,59,1,0,0,0,0,0,0,safe
2143,215,71,25.8,161,107.5,32.2,55,1,0,0,0,0,0,0,safe
2234,224,74,26.88,168,112.0,33.6,66,1,0,0,0,0,0,0,safe
1754,176,58,21.12,132,88.0,26.4,52,1,0,0,0,0,0,0,safe
3037,304,101,36.48,228,152.0,45.6,47,1,0,0,0,0,0,0,safe
2549,255,85,30.6,191,127.5,38.2,40,1,0,0,0,0,0,0,safe
2532,254,84,30.48,190,127.0,38.0,38,1,0,0,0,0,0,0,safe
2640,264,88,31.68,198,132.0,39.6,61,1,0,0,0,0,0,0,safe
2698,270,90,32.4,202,135.0,40.4,43,1,0,0,0,0,0,0,safe
2656,266,88,31.92,200,133.0,40.0,46,1,0,0,0,0,0,0,safe
2834,284,94,34.08,213,142.0,42.6,30,1,0,0,0,0,0,0,safe
2594,260,86,31.2,195,130.0,39.0,69,1,0,0,0,0,0,0,safe
2549,255,85,30.6,191,127.5,38.2,56,1,0,0,0,0,0,0,safe
3687,369,123,44.28,276,184.5,55.2,41,1,0,0,0,0,0,0,safe
2503,251,83,30.12,188,125.5,37.6,23,1,0,0,0,0,0,0,safe
2346,235,78,28.2,176,117.5,35.2,24,1,0,0,0,0,0,0,safe
2292,230,76,27.6,172,115.0,34.4,66,1,0,0,0,0,0,0,safe
1266,127,42,15.24,95,63.5,19.0,70,1,1,1,0,1,0,1,avoid
2383,239,79,28.68,179,119.5,35.8,53,1,0,0,0,0,0,0,safe
1717,172,57,20.64,129,86.0,25.8,26,1,0,0,0,0,0,0,safe
3376,338,112,40.56,254,169.0,50.8,23,1,0,0,0,0,0,0,safe
2354,236,78,28.32,177,118.0,35.4,56,1,0,0,0,0,0,0,safe
2114,212,70,25.44,159,106.0,31.8,36,1,0,0,0,0,0,0,safe
2309,231,77,27.72,173,115.5,34.6,56,1,0,0,0,0,0,0,safe
3368,337,112,40.44,253,168.5,50.6,46,1,0,0,0,0,0,0,safe
2197,220,73,26.4,165,110.0,33.0,50,1,0,0,0,0,0,0,safe
2466,247,82,29.64,185,123.5,37.0,45,1,0,0,0,0,0,0,safe
3037,304,101,36.48,228,152.0,45.6,21,1,0,0,0,0,0,0,safe
2226,223,74,26.76,167,111.5,33.4,64,1,0,0,0,0,0,0,safe
2023,203,67,24.36,152,101.5,30.4,64,1,0,0,0,0,0,0,safe
3335,334,111,40.08,250,167.0,50.0,66,1,0,0,0,0,0,0,safe
3480,348,116,41.76,261,174.0,52.2,22,1,0,0,0,0,0,0,safe
1634,164,54,19.68,123,82.0,24.6,39,1,0,0,0,0,0,0,safe
3343,335,111,40.2,251,167.5,50.2,28,1,0,0,0,0,0,0,safe
2706,271,90,32.52,203,135.5,40.6,70,1,0,0,0,0,0,0,safe
1709,171,57,20.52,128,85.5,25.6,29,1,0,0,0,0,0,0,safe
2594,260,86,31.2,195,130.0,39.0,55,1,0,0,0,0,0,0,safe
2081,209,69,25.08,156,104.5,31.2,44,1,0,0,0,0,0,0,safe
1986,199,66,23.88,149,99.5,29.8,67,1,0,0,0,0,0,0,safe
2768,277,92,33.24,208,138.5,41.6,29,1,0,0,0,0,0,0,safe
2437,244,81,29.28,183,122.0,36.6,27,1,0,0,0,0,0,0,safe
2586,259,86,31.08,194,129.5,38.8,58,1,0,0,0,0,0,0,safe
1349,135,45,16.2,101,67.5,20.2,62,1,1,1,0,1,0,1,avoid
2921,293,97,35.16,219,146.5,43.8,51,1,0,0,0,0,0,0,safe
2565,257,85,30.84,193,128.5,38.6,64,1,0,0,0,0,0,0,safe
1469,147,49,17.64,110,73.5,22.0,49,1,1,1,0,1,0,1,avoid
1957,196,65,23.52,147,98.0,29.4,57,1,0,0,0,0,0,0,safe
2462,246,82,29.52,185,123.0,37.0,52,1,0,0,0,0,0,0,safe
3269,327,109,39.24,245,163.5,49.0,39,1,0,0,0,0,0,0,safe
1568,157,52,18.84,118,78.5,23.6,45,1,0,0,0,0,0,0,safe
2040,204,68,24.48,153,102.0,30.6,25,1,0,0,0,0,0,0,safe
2292,230,76,27.6,172,115.0,34.4,27,1,0,0,0,0,0,0,safe
3335,334,111,40.08,250,167.0,50.0,41,1,0,0,0,0,0,0,safe
1709,171,57,20.52,128,85.5,25.6,53,1,0,0,0,0,0,0,safe
2226,223,74,26.76,167,111.5,33.4,46,1,0,0,0,0,0,0,safe
2768,277,92,33.24,208,138.5,41.6,22,1,0,0,0,0,0,0,safe
2458,246,82,29.52,184,123.0,36.8,68,1,0,0,0,0,0,0,safe
2594,260,86,31.2,195,130.0,39.0,56,1,0,0,0,0,0,0,safe
1618,162,54,19.44,121,81.0,24.2,34,1,0,0,0,0,0,0,safe
2532,254,84,30.48,190,127.0,38.0,48,1,0,0,0,0,0,0,safe
3099,310,103,37.2,233,155.0,46.6,48,1,0,0,0,0,0,0,safe
1299,130,43,15.6,98,65.0,19.6,60,1,1,1,0,1,0,1,avoid
2607,261,87,31.32,195,130.5,39.0,33,1,0,0,0,0,0,0,safe
1709,171,57,20.52,128,85.5,25.6,48,1,0,0,0,0,0,0,safe
2437,244,81,29.28,183,122.0,36.6,40,1,0,0,0,0,0,0,safe
2317,232,77,27.84,174,116.0,34.8,64,1,0,0,0,0,0,0,safe
1440,144,48,17.28,108,72.0,21.6,68,1,1,1,0,1,0,1,avoid
3066,307,102,36.84,230,153.5,46.0,62,1,0,0,0,0,0,0,safe
2168,217,72,26.04,163,108.5,32.6,47,1,0,0,0,0,0,0,safe
1891,189,63,22.68,142,94.5,28.4,66,1,0,0,0,0,0,0,safe
2114,212,70,25.44,159,106.0,31.8,70,1,0,0,0,0,0,0,safe
2983,299,99,35.88,224,149.5,44.8,55,1,0,0,0,0,0,0,safe
1994,200,66,24.0,150,100.0,30.0,18,1,0,0,0,0,0,0,safe
2789,279,93,33.48,209,139.5,41.8,40,1,0,0,0,0,0,0,safe
2925,293,97,35.16,220,146.5,44.0,44,1,0,0,0,0,0,0,safe
3157,316,105,37.92,237,158.0,47.4,21,1,0,0,0,0,0,0,safe
2081,209,69,25.08,156,104.5,31.2,49,1,0,0,0,0,0,0,safe
2106,211,70,25.32,158,105.5,31.6,67,1,0,0,0,0,0,0,safe
3306,331,110,39.72,248,165.5,49.6,19,1,0,0,0,0,0,0,safe
3157,316,105,37.92,237,158.0,47.4,27,1,0,0,0,0,0,0,safe
3149,315,105,37.8,236,157.5,47.2,19,1,0,0,0,0,0,0,safe
2847,285,95,34.2,213,142.5,42.6,53,1,0,0,0,0,0,0,safe
3360,336,112,40.32,252,168.0,50.4,65,1,0,0,0,0,0,0,safe
1895,190,63,22.8,142,95.0,28.4,37,1,0,0,0,0,0,0,safe
2325,233,77,27.96,175,116.5,35.0,69,1,0,0,0,0,0,0,safe
2135,214,71,25.68,160,107.0,32.0,43,1,0,0,0,0,0,0,safe
3124,313,104,37.56,234,156.5,46.8,62,1,0,0,0,0,0,0,safe
2325,233,77,27.96,175,116.5,35.0,19,1,0,0,0,0,0,0,safe
2503,251,83,30.12,188,125.5,37.6,47,1,0,0,0,0,0,0,safe
2011,201,67,24.12,151,100.5,30.2,19,1,0,0,0,0,0,0,safe
2805,281,93,33.72,211,140.5,42.2,52,1,0,0,0,0,0,0,safe
2226,223,74,26.76,167,111.5,33.4,64,1,0,0,0,0,0,0,safe
3178,318,106,38.16,238,159.0,47.6,29,1,0,0,0,0,0,0,safe
2760,276,92,33.12,207,138.0,41.4,46,1,0,0,0,0,0,0,safe
2317,232,77,27.84,174,116.0,34.8,25,1,0,0,0,0,0,0,safe
3447,345,115,41.4,258,172.5,51.6,28,1,0,0,0,0,0,0,safe
1680,168,56,20.16,126,84.0,25.2,49,1,0,0,0,0,0,0,safe
2131,213,71,25.56,160,106.5,32.0,40,1,0,0,0,0,0,0,safe
2557,256,85,30.72,192,128.0,38.4,69,1,0,0,0,0,0,0,safe
1936,194,64,23.28,146,97.0,29.2,54,1,0,0,0,0,0,0,safe
2383,239,79,28.68,179,119.5,35.8,27,1,0,0,0,0,0,0,safe
1887,189,63,22.68,141,94.5,28.2,24,1,0,0,0,0,0,0,safe
1717,172,57,20.64,129,86.0,25.8,42,1,0,0,0,0,0,0,safe
1804,181,60,21.72,135,90.5,27.0,57,1,0,0,0,0,0,0,safe
2743,275,91,33.0,206,137.5,41.2,60,1,0,0,0,0,0,0,safe
1837,184,61,22.08,138,92.0,27.6,27,1,0,0,0,0,0,0,safe
3360,336,112,40.32,252,168.0,50.4,45,1,0,0,0,0,0,0,safe
2069,207,69,24.84,155,103.5,31.0,37,1,0,0,0,0,0,0,safe
1576,158,52,18.96,119,79.0,23.8,29,1,0,0,0,0,0,0,safe
3178,318,106,38.16,238,159.0,47.6,50,1,0,0,0,0,0,0,safe
2052,206,68,24.72,154,103.0,30.8,52,1,0,0,0,0,0,0,safe
2652,266,88,31.92,199,133.0,39.8,61,1,0,0,0,0,0,0,safe
2578,258,86,30.96,193,129.0,38.6,41,1,0,0,0,0,0,0,safe
1808,181,60,21.72,136,90.5,27.2,40,1,0,0,0,0,0,0,safe
2131,213,71,25.56,160,106.5,32.0,37,1,0,0,0,0,0,0,safe
2880,288,96,34.56,216,144.0,43.2,44,1,0,0,0,0,0,0,safe
2677,268,89,32.16,201,134.0,40.2,36,1,0,0,0,0,0,0,safe
2917,292,97,35.04,219,146.0,43.8,56,1,0,0,0,0,0,0,safe
2797,280,93,33.6,210,140.0,42.0,20,1,0,0,0,0,0,0,safe
1423,143,47,17.16,107,71.5,21.4,52,1,1,1,0,1,0,1,avoid
2648,265,88,31.8,199,132.5,39.8,47,1,0,0,0,0,0,0,safe
2917,292,97,35.04,219,146.0,43.8,23,1,0,0,0,0,0,0,safe
3339,334,111,40.08,251,167.0,50.2,41,1,0,0,0,0,0,0,safe
1709,171,57,20.52,128,85.5,25.6,65,1,0,0,0,0,0,0,safe
3376,338,112,40.56,254,169.0,50.8,39,1,0,0,0,0,0,0,safe
1688,169,56,20.28,127,84.5,25.4,32,1,0,0,0,0,0,0,safe
2532,254,84,30.48,190,127.0,38.0,29,1,0,0,0,0,0,0,safe
1560,156,52,18.72,117,78.0,23.4,69,1,0,0,0,0,0,0,safe
3389,339,113,40.68,254,169.5,50.8,35,1,0,0,0,0,0,0,safe
2474,248,82,29.76,186,124.0,37.2,21,1,0,0,0,0,0,0,safe
1407,141,47,16.92,105,70.5,21.0,49,1,1,1,0,1,0,1,avoid
2263,227,75,27.24,170,113.5,34.0,70,1,0,0,0,0,0,0,safe
2834,284,94,34.08,213,142.0,42.6,63,1,0,0,0,0,0,0,safe
1626,163,54,19.56,122,81.5,24.4,42,1,0,0,0,0,0,0,safe
1295,130,43,15.6,97,65.0,19.4,49,1,1,1,0,1,0,1,avoid
1200,120,40,14.4,90,60.0,18.0,64,0,1,1,0,1,0,1,avoid
2474,248,82,29.76,186,124.0,37.2,21,1,0,0,0,0,0,0,safe
2346,235,78,28.2,176,117.5,35.2,39,1,0,0,0,0,0,0,safe
1597,160,53,19.2,120,80.0,24.0,38,1,0,0,0,0,0,0,safe
1634,164,54,19.68,123,82.0,24.6,69,1,0,0,0,0,0,0,safe
2263,227,75,27.24,170,113.5,34.0,57,1,0,0,0,0,0,0,safe
2280,228,76,27.36,171,114.0,34.2,43,1,0,0,0,0,0,0,safe
2383,239,79,28.68,179,119.5,35.8,42,1,0,0,0,0,0,0,safe
2048,205,68,24.6,154,102.5,30.8,28,1,0,0,0,0,0,0,safe
3343,335,111,40.2,251,167.5,50.2,20,1,0,0,0,0,0,0,safe
2615,262,87,31.44,196,131.0,39.2,41,1,0,0,0,0,0,0,safe
2938,294,98,35.28,220,147.0,44.0,18,1,0,0,0,0,0,0,safe
2656,266,88,31.92,200,133.0,40.0,66,1,0,0,0,0,0,0,safe
2495,250,83,30.0,187,125.0,37.4,37,1,0,0,0,0,0,0,safe
2863,287,95,34.44,215,143.5,43.0,46,1,0,0,0,0,0,0,safe
2222,222,74,26.64,167,111.0,33.4,34,1,0,0,0,0,0,0,safe
1961,197,65,23.64,147,98.5,29.4,56,1,0,0,0,0,0,0,safe
2557,256,85,30.72,192,128.0,38.4,70,1,0,0,0,0,0,0,safe
1469,147,49,17.64,110,73.5,22.0,66,1,1,1,0,1,0,1,avoid
2143,215,71,25.8,161,107.5,32.2,50,1,0,0,0,0,0,0,safe
3455,346,115,41.52,259,173.0,51.8,23,1,0,0,0,0,0,0,safe
2888,289,96,34.68,217,144.5,43.4,33,1,0,0,0,0,0,0,safe
1514,152,50,18.24,114,76.0,22.8,23,1,0,0,0,0,0,0,safe
1386,139,46,16.68,104,69.5,20.8,40,1,1,1,0,1,0,1,avoid
2077,208,69,24.96,156,104.0,31.2,20,1,0,0,0,0,0,0,safe
2623,263,87,31.56,197,131.5,39.4,21,1,0,0,0,0,0,0,safe
2909,291,97,34.92,218,145.5,43.6,33,1,0,0,0,0,0,0,safe
2466,247,82,29.64,185,123.5,37.0,41,1,0,0,0,0,0,0,safe
2884,289,96,34.68,216,144.5,43.2,63,1,0,0,0,0,0,0,safe
3757,376,125,45.12,282,188.0,56.4,69,1,0,0,0,0,0,0,safe
1800,180,60,21.6,135,90.0,27.0,43,1,0,0,0,0,0,0,safe
2582,258,86,30.96,194,129.0,38.8,51,1,0,0,0,0,0,0,safe
1775,178,59,21.36,133,89.0,26.6,41,1,0,0,0,0,0,0,safe
2069,207,69,24.84,155,103.5,31.0,64,1,0,0,0,0,0,0,safe
2251,225,75,27.0,169,112.5,33.8,40,1,0,0,0,0,0,0,safe
2371,237,79,28.44,178,118.5,35.6,67,1,0,0,0,0,0,0,safe
3629,363,121,43.56,272,181.5,54.4,21,1,0,0,0,0,0,0,safe
2805,281,93,33.72,211,140.5,42.2,52,1,0,0,0,0,0,0,safe
2048,205,68,24.6,154,102.5,30.8,21,1,0,0,0,0,0,0,safe
1800,180,60,21.6,135,90.0,27.0,25,1,0,0,0,0,0,0,safe
1994,200,66,24.0,150,100.0,30.0,58,1,0,0,0,0,0,0,safe
3103,311,103,37.32,233,155.5,46.6,19,1,0,0,0,0,0,0,safe
1709,171,57,20.52,128,85.5,25.6,32,1,0,0,0,0,0,0,safe
2954,296,98,35.52,222,148.0,44.4,55,1,0,0,0,0,0,0,safe
2106,211,70,25.32,158,105.5,31.6,37,1,0,0,0,0,0,0,safe
3327,333,111,39.96,249,166.5,49.8,30,1,0,0,0,0,0,0,safe
1994,200,66,24.0,150,100.0,30.0,52,1,0,0,0,0,0,0,safe
2383,239,79,28.68,179,119.5,35.8,42,1,0,0,0,0,0,0,safe
1626,163,54,19.56,122,81.5,24.4,56,1,0,0,0,0,0,0,safe
2921,293,97,35.16,219,146.5,43.8,24,1,0,0,0,0,0,0,safe
3095,310,103,37.2,232,155.0,46.4,18,1,0,0,0,0,0,0,safe
3000,300,100,36.0,225,150.0,45.0,19,1,0,0,0,0,0,0,safe
1874,188,62,22.56,141,94.0,28.2,47,1,0,0,0,0,0,0,safe
2896,290,96,34.8,218,145.0,43.6,29,1,0,0,0,0,0,0,safe
2847,285,95,34.2,213,142.5,42.6,47,1,0,0,0,0,0,0,safe
2818,282,94,33.84,211,141.0,42.2,69,1,0,0,0,0,0,0,safe
3157,316,105,37.92,237,158.0,47.4,69,1,0,0,0,0,0,0,safe
2714,272,90,32.64,204,136.0,40.8,44,1,0,0,0,0,0,0,safe
2594,260,86,31.2,195,130.0,39.0,56,1,0,0,0,0,0,0,safe
1423,143,47,17.16,107,71.5,21.4,23,1,1,1,0,1,0,1,avoid
3405,341,113,40.92,256,170.5,51.2,60,1,0,0,0,0,0,0,safe
2909,291,97,34.92,218,145.5,43.6,60,1,0,0,0,0,0,0,safe
2255,226,75,27.12,169,113.0,33.8,35,1,0,0,0,0,0,0,safe
2801,281,93,33.72,210,140.5,42.0,32,1,0,0,0,0,0,0,safe
2776,278,92,33.36,209,139.0,41.8,34,1,0,0,0,0,0,0,safe
1903,191,63,22.92,143,95.5,28.6,42,1,0,0,0,0,0,0,safe
2644,265,88,31.8,198,132.5,39.6,47,1,0,0,0,0,0,0,safe
2056,206,68,24.72,155,103.0,31.0,24,1,0,0,0,0,0,0,safe
1506,151,50,18.12,113,75.5,22.6,41,1,0,0,0,0,0,0,safe
1659,166,55,19.92,125,83.0,25.0,60,1,0,0,0,0,0,0,safe
1804,181,60,21.72,135,90.5,27.0,47,1,0,0,0,0,0,0,safe
2114,212,70,25.44,159,106.0,31.8,39,1,0,0,0,0,0,0,safe
1961,197,65,23.64,147,98.5,29.4,37,1,0,0,0,0,0,0,safe
2644,265,88,31.8,198,132.5,39.6,67,1,0,0,0,0,0,0,safe
1241,125,41,15.0,93,62.5,18.6,23,1,1,1,0,1,0,1,avoid
2011,201,67,24.12,151,100.5,30.2,66,1,0,0,0,0,0,0,safe
1440,144,48,17.28,108,72.0,21.6,38,1,1,1,0,1,0,1,avoid
2023,203,67,24.36,152,101.5,30.4,46,1,0,0,0,0,0,0,safe
1829,183,61,21.96,137,91.5,27.4,51,1,0,0,0,0,0,0,safe
2826,283,94,33.96,212,141.5,42.4,52,1,0,0,0,0,0,0,safe
3095,310,103,37.2,232,155.0,46.4,30,1,0,0,0,0,0,0,safe
2317,232,77,27.84,174,116.0,34.8,68,1,0,0,0,0,0,0,safe
2044,205,68,24.6,153,102.5,30.6,57,1,0,0,0,0,0,0,safe
3492,350,116,42.0,262,175.0,52.4,30,1,0,0,0,0,0,0,safe
2023,203,67,24.36,152,101.5,30.4,67,1,0,0,0,0,0,0,safe
1767,177,59,21.24,132,88.5,26.4,65,1,0,0,0,0,0,0,safe
3004,301,100,36.12,225,150.5,45.0,33,1,0,0,0,0,0,0,safe
2114,212,70,25.44,159,106.0,31.8,18,1,0,0,0,0,0,0,safe
2247,225,75,27.0,168,112.5,33.6,43,1,0,0,0,0,0,0,safe
3062,306,102,36.72,230,153.0,46.0,46,1,0,0,0,0,0,0,safe
1858,186,62,22.32,139,93.0,27.8,24,1,0,0,0,0,0,0,safe
2292,230,76,27.6,172,115.0,34.4,23,1,0,0,0,0,0,0,safe
2404,241,80,28.92,180,120.5,36.0,60,1,0,0,0,0,0,0,safe
3103,311,103,37.32,233,155.5,46.6,18,1,0,0,0,0,0,0,safe
3157,316,105,37.92,237,158.0,47.4,42,1,0,0,0,0,0,0,safe
1514,152,50,18.24,114,76.0,22.8,43,1,0,0,0,0,0,0,safe
2652,266,88,31.92,199,133.0,39.8,36,1,0,0,0,0,0,0,safe
1200,120,40,14.4,90,60.0,18.0,57,0,1,1,0,1,0,1,avoid
2578,258,86,30.96,193,129.0,38.6,29,1,0,0,0,0,0,0,safe
2048,205,68,24.6,154,102.5,30.8,34,1,0,0,0,0,0,0,safe
1932,194,64,23.28,145,97.0,29.0,63,1,0,0,0,0,0,0,safe
1299,130,43,15.6,98,65.0,19.6,49,1,1,1,0,1,0,1,avoid
2189,219,73,26.28,164,109.5,32.8,36,1,0,0,0,0,0,0,safe
2495,250,83,30.0,187,125.0,37.4,27,1,0,0,0,0,0,0,safe
1866,187,62,22.44,140,93.5,28.0,69,1,0,0,0,0,0,0,safe
2851,285,95,34.2,214,142.5,42.8,45,1,0,0,0,0,0,0,safe
2528,253,84,30.36,190,126.5,38.0,65,1,0,0,0,0,0,0,safe
3376,338,112,40.56,254,169.0,50.8,62,1,0,0,0,0,0,0,safe
1634,164,54,19.68,123,82.0,24.6,66,1,0,0,0,0,0,0,safe
3364,337,112,40.44,252,168.5,50.4,36,1,0,0,0,0,0,0,safe
1485,149,49,17.88,112,74.5,22.4,48,1,1,1,0,1,0,1,avoid
1903,191,63,22.92,143,95.5,28.6,31,1,0,0,0,0,0,0,safe
1200,120,40,14.4,90,60.0,18.0,58,0,1,1,0,1,0,1,avoid
2652,266,88,31.92,199,133.0,39.8,64,1,0,0,0,0,0,0,safe
1961,197,65,23.64,147,98.5,29.4,55,1,0,0,0,0,0,0,safe
1924,193,64,23.16,144,96.5,28.8,55,1,0,0,0,0,0,0,safe
2648,265,88,31.8,199,132.5,39.8,51,1,0,0,0,0,0,0,safe
3335,334,111,40.08,250,167.0,50.0,32,1,0,0,0,0,0,0,safe
3087,309,103,37.08,231,154.5,46.2,34,1,0,0,0,0,0,0,safe
3211,321,107,38.52,241,160.5,48.2,54,1,0,0,0,0,0,0,safe
1423,143,47,17.16,107,71.5,21.4,49,1,1,1,0,1,0,1,avoid
2557,256,85,30.72,192,128.0,38.4,29,1,0,0,0,0,0,0,safe
2611,261,87,31.32,196,130.5,39.2,70,1,0,0,0,0,0,0,safe
2077,208,69,24.96,156,104.0,31.2,19,1,0,0,0,0,0,0,safe
2317,232,77,27.84,174,116.0,34.8,31,1,0,0,0,0,0,0,safe
2135,214,71,25.68,160,107.0,32.0,32,1,0,0,0,0,0,0,safe
2131,213,71,25.56,160,106.5,32.0,22,1,0,0,0,0,0,0,safe
1208,121,40,14.52,91,60.5,18.2,54,1,1,1,0,1,0,1,avoid
1804,181,60,21.72,135,90.5,27.0,33,1,0,0,0,0,0,0,safe
2226,223,74,26.76,167,111.5,33.4,23,1,0,0,0,0,0,0,safe
2520,252,84,30.24,189,126.0,37.8,57,1,0,0,0,0,0,0,safe
3418,342,114,41.04,256,171.0,51.2,55,1,0,0,0,0,0,0,safe
1411,141,47,16.92,106,70.5,21.2,19,1,1,1,0,1,0,1,avoid
2445,245,81,29.4,184,122.5,36.8,63,1,0,0,0,0,0,0,safe
2549,255,85,30.6,191,127.5,38.2,38,1,0,0,0,0,0,0,safe
2077,208,69,24.96,156,104.0,31.2,25,1,0,0,0,0,0,0,safe
2168,217,72,26.04,163,108.5,32.6,38,1,0,0,0,0,0,0,safe
3600,360,120,43.2,270,180.0,54.0,45,1,0,0,0,0,0,0,safe
1936,194,64,23.28,146,97.0,29.2,22,1,0,0,0,0,0,0,safe
1680,168,56,20.16,126,84.0,25.2,67,1,0,0,0,0,0,0,safe
2714,272,90,32.64,204,136.0,40.8,31,1,0,0,0,0,0,0,safe
1200,120,40,14.4,90,60.0,18.0,35,0,1,1,0,1,0,1,avoid
1986,199,66,23.88,149,99.5,29.8,40,1,0,0,0,0,0,0,safe
2487,249,83,29.88,186,124.5,37.2,61,1,0,0,0,0,0,0,safe
2160,216,72,25.92,162,108.0,32.4,42,1,0,0,0,0,0,0,safe
3029,303,101,36.36,227,151.5,45.4,54,1,0,0,0,0,0,0,safe
1531,153,51,18.36,115,76.5,23.0,54,1,0,0,0,0,0,0,safe
1717,172,57,20.64,129,86.0,25.8,47,1,0,0,0,0,0,0,safe
1866,187,62,22.44,140,93.5,28.0,27,1,0,0,0,0,0,0,safe
2772,278,92,33.36,208,139.0,41.6,20,1,0,0,0,0,0,0,safe
2805,281,93,33.72,211,140.5,42.2,21,1,0,0,0,0,0,0,safe
3256,326,108,39.12,245,163.0,49.0,32,1,0,0,0,0,0,0,safe
2640,264,88,31.68,198,132.0,39.6,49,1,0,0,0,0,0,0,safe
2549,255,85,30.6,191,127.5,38.2,64,1,0,0,0,0,0,0,safe
1200,120,40,14.4,90,60.0,18.0,38,0,1,1,0,1,0,1,avoid
1949,195,65,23.4,146,97.5,29.2,18,1,0,0,0,0,0,0,safe
1899,190,63,22.8,143,95.0,28.6,56,1,0,0,0,0,0,0,safe
2371,237,79,28.44,178,118.5,35.6,67,1,0,0,0,0,0,0,safe
2102,210,70,25.2,158,105.0,31.6,39,1,0,0,0,0,0,0,safe
1266,127,42,15.24,95,63.5,19.0,66,1,1,1,0,1,0,1,avoid
1725,173,57,20.76,130,86.5,26.0,24,1,0,0,0,0,0,0,safe
3447,345,115,41.4,258,172.5,51.6,34,1,0,0,0,0,0,0,safe
2056,206,68,24.72,155,103.0,31.0,43,1,0,0,0,0,0,0,safe
1200,120,40,14.4,90,60.0,18.0,21,0,1,1,0,1,0,1,avoid
3848,385,128,46.2,289,192.5,57.8,28,1,0,0,0,0,0,0,safe
1452,146,48,17.52,109,73.0,21.8,41,1,1,1,0,1,0,1,avoid
2437,244,81,29.28,183,122.0,36.6,33,1,0,0,0,0,0,0,safe
3252,326,108,39.12,244,163.0,48.8,62,1,0,0,0,0,0,0,safe
2474,248,82,29.76,186,124.0,37.2,46,1,0,0,0,0,0,0,safe
3149,315,105,37.8,236,157.5,47.2,23,1,0,0,0,0,0,0,safe
2549,255,85,30.6,191,127.5,38.2,65,1,0,0,0,0,0,0,safe
2921,293,97,35.16,219,146.5,43.8,34,1,0,0,0,0,0,0,safe
3066,307,102,36.84,230,153.5,46.0,55,1,0,0,0,0,0,0,safe
2528,253,84,30.36,190,126.5,38.0,35,1,0,0,0,0,0,0,safe
3240,324,108,38.88,243,162.0,48.6,19,1,0,0,0,0,0,0,safe
1800,180,60,21.6,135,90.0,27.0,32,1,0,0,0,0,0,0,safe
3194,320,106,38.4,240,160.0,48.0,34,1,0,0,0,0,0,0,safe
2445,245,81,29.4,184,122.5,36.8,40,1,0,0,0,0,0,0,safe
2205,221,73,26.52,166,110.5,33.2,27,1,0,0,0,0,0,0,safe
2077,208,69,24.96,156,104.0,31.2,60,1,0,0,0,0,0,0,safe
2727,273,91,32.76,204,136.5,40.8,25,1,0,0,0,0,0,0,safe
2263,227,75,27.24,170,113.5,34.0,21,1,0,0,0,0,0,0,safe
2379,238,79,28.56,179,119.0,35.8,52,1,0,0,0,0,0,0,safe
3732,374,124,44.88,280,187.0,56.0,46,1,0,0,0,0,0,0,safe
2801,281,93,33.72,210,140.5,42.0,36,1,0,0,0,0,0,0,safe
2226,223,74,26.76,167,111.5,33.4,62,1,0,0,0,0,0,0,safe
2007,201,67,24.12,150,100.5,30.0,64,1,0,0,0,0,0,0,safe
3538,354,118,42.48,265,177.0,53.0,46,1,0,0,0,0,0,0,safe
2048,205,68,24.6,154,102.5,30.8,59,1,0,0,0,0,0,0,safe
2892,290,96,34.8,217,145.0,43.4,23,1,0,0,0,0,0,0,safe
2954,296,98,35.52,222,148.0,44.4,56,1,0,0,0,0,0,0,safe
1841,185,61,22.2,138,92.5,27.6,18,1,0,0,0,0,0,0,safe
3149,315,105,37.8,236,157.5,47.2,56,1,0,0,0,0,0,0,safe
3252,326,108,39.12,244,163.0,48.8,62,1,0,0,0,0,0,0,safe
2139,214,71,25.68,161,107.0,32.2,27,1,0,0,0,0,0,0,safe
2586,259,86,31.08,194,129.5,38.8,33,1,0,0,0,0,0,0,safe
2437,244,81,29.28,183,122.0,36.6,50,1,0,0,0,0,0,0,safe
2946,295,98,35.4,221,147.5,44.2,34,1,0,0,0,0,0,0,safe
2652,266,88,31.92,199,133.0,39.8,21,1,0,0,0,0,0,0,safe
2735,274,91,32.88,205,137.0,41.0,43,1,0,0,0,0,0,0,safe
2437,244,81,29.28,183,122.0,36.6,42,1,0,0,0,0,0,0,safe
3492,350,116,42.0,262,175.0,52.4,22,1,0,0,0,0,0,0,safe
1332,134,44,16.08,100,67.0,20.0,36,1,1,1,0,1,0,1,avoid
1200,120,40,14.4,90,60.0,18.0,58,0,1,1,0,1,0,1,avoid
2288,229,76,27.48,172,114.5,34.4,52,1,0,0,0,0,0,0,safe
2466,247,82,29.64,185,123.5,37.0,30,1,0,0,0,0,0,0,safe
3480,348,116,41.76,261,174.0,52.2,35,1,0,0,0,0,0,0,safe
2309,231,77,27.72,173,115.5,34.6,26,1,0,0,0,0,0,0,safe
3360,336,112,40.32,252,168.0,50.4,27,1,0,0,0,0,0,0,safe
2888,289,96,34.68,217,144.5,43.4,21,1,0,0,0,0,0,0,safe
2644,265,88,31.8,198,132.5,39.6,19,1,0,0,0,0,0,0,safe
1386,139,46,16.68,104,69.5,20.8,56,1,1,1,0,1,0,1,avoid
3045,305,101,36.6,229,152.5,45.8,39,1,0,0,0,0,0,0,safe
3732,374,124,44.88,280,187.0,56.0,25,1,0,0,0,0,0,0,safe
2189,219,73,26.28,164,109.5,32.8,64,1,0,0,0,0,0,0,safe
1564,157,52,18.84,117,78.5,23.4,25,1,0,0,0,0,0,0,safe
2714,272,90,32.64,204,136.0,40.8,39,1,0,0,0,0,0,0,safe
2615,262,87,31.44,196,131.0,39.2,63,1,0,0,0,0,0,0,safe
1775,178,59,21.36,133,89.0,26.6,25,1,0,0,0,0,0,0,safe
2354,236,78,28.32,177,118.0,35.4,63,1,0,0,0,0,0,0,safe
1597,160,53,19.2,120,80.0,24.0,64,1,0,0,0,0,0,0,safe
2056,206,68,24.72,155,103.0,31.0,31,1,0,0,0,0,0,0,safe
2085,209,69,25.08,157,104.5,31.4,45,1,0,0,0,0,0,0,safe
2284,229,76,27.48,171,114.5,34.2,61,1,0,0,0,0,0,0,safe
2367,237,79,28.44,177,118.5,35.4,22,1,0,0,0,0,0,0,safe
2040,204,68,24.48,153,102.0,30.6,39,1,0,0,0,0,0,0,safe
2176,218,72,26.16,164,109.0,32.8,64,1,0,0,0,0,0,0,safe
1775,178,59,21.36,133,89.0,26.6,50,1,0,0,0,0,0,0,safe
1709,171,57,20.52,128,85.5,25.6,48,1,0,0,0,0,0,0,safe
3637,364,121,43.68,273,182.0,54.6,22,1,0,0,0,0,0,0,safe
2669,267,89,32.04,200,133.5,40.0,38,1,0,0,0,0,0,0,safe
2404,241,80,28.92,180,120.5,36.0,47,1,0,0,0,0,0,0,safe
1647,165,55,19.8,123,82.5,24.6,60,1,0,0,0,0,0,0,safe
2797,280,93,33.6,210,140.0,42.0,68,1,0,0,0,0,0,0,safe
2834,284,94,34.08,213,142.0,42.6,41,1,0,0,0,0,0,0,safe
1200,120,40,14.4,90,60.0,18.0,65,0,1,1,0,1,0,1,avoid
2255,226,75,27.12,169,113.0,33.8,69,1,0,0,0,0,0,0,safe
1800,180,60,21.6,135,90.0,27.0,55,1,0,0,0,0,0,0,safe
2069,207,69,24.84,155,103.5,31.0,38,1,0,0,0,0,0,0,safe
2077,208,69,24.96,156,104.0,31.2,25,1,0,0,0,0,0,0,safe
1858,186,62,22.32,139,93.0,27.8,57,1,0,0,0,0,0,0,safe
2284,229,76,27.48,171,114.5,34.2,56,1,0,0,0,0,0,0,safe
3302,330,110,39.6,248,165.0,49.6,23,1,0,0,0,0,0,0,safe
3016,302,100,36.24,227,151.0,45.4,20,1,0,0,0,0,0,0,safe
2892,290,96,34.8,217,145.0,43.4,47,1,0,0,0,0,0,0,safe
1560,156,52,18.72,117,78.0,23.4,35,1,0,0,0,0,0,0,safe
2019,202,67,24.24,152,101.0,30.4,54,1,0,0,0,0,0,0,safe
2052,206,68,24.72,154,103.0,30.8,46,1,0,0,0,0,0,0,safe
1448,145,48,17.4,109,72.5,21.8,59,1,1,1,0,1,0,1,avoid
2714,272,90,32.64,204,136.0,40.8,46,1,0,0,0,0,0,0,safe
2640,264,88,31.68,198,132.0,39.6,39,1,0,0,0,0,0,0,safe
1816,182,60,21.84,137,91.0,27.4,40,1,0,0,0,0,0,0,safe
2218,222,74,26.64,166,111.0,33.2,42,1,0,0,0,0,0,0,safe
2549,255,85,30.6,191,127.5,38.2,39,1,0,0,0,0,0,0,safe
2776,278,92,33.36,209,139.0,41.8,34,1,0,0,0,0,0,0,safe
3240,324,108,38.88,243,162.0,48.6,23,1,0,0,0,0,0,0,safe
2172,218,72,26.16,163,109.0,32.6,62,1,0,0,0,0,0,0,safe
1357,136,45,16.32,102,68.0,20.4,69,1,1,1,0,1,0,1,avoid
2578,258,86,30.96,193,129.0,38.6,30,1,0,0,0,0,0,0,safe
2114,212,70,25.44,159,106.0,31.8,60,1,0,0,0,0,0,0,safe
2445,245,81,29.4,184,122.5,36.8,43,1,0,0,0,0,0,0,safe
2731,273,91,32.76,205,136.5,41.0,68,1,0,0,0,0,0,0,safe
2731,273,91,32.76,205,136.5,41.0,39,1,0,0,0,0,0,0,safe
2205,221,73,26.52,166,110.5,33.2,54,1,0,0,0,0,0,0,safe
1845,185,61,22.2,139,92.5,27.8,54,1,0,0,0,0,0,0,safe
3600,360,120,43.2,270,180.0,54.0,52,1,0,0,0,0,0,0,safe
3157,316,105,37.92,237,158.0,47.4,53,1,0,0,0,0,0,0,safe
1957,196,65,23.52,147,98.0,29.4,54,1,0,0,0,0,0,0,safe
1858,186,62,22.32,139,93.0,27.8,30,1,0,0,0,0,0,0,safe
1978,198,66,23.76,148,99.0,29.6,45,1,0,0,0,0,0,0,safe
2280,228,76,27.36,171,114.0,34.2,56,1,0,0,0,0,0,0,safe
2106,211,70,25.32,158,105.5,31.6,65,1,0,0,0,0,0,0,safe
1634,164,54,19.68,123,82.0,24.6,25,1,0,0,0,0,0,0,safe
3095,310,103,37.2,232,155.0,46.4,25,1,0,0,0,0,0,0,safe
2429,243,81,29.16,182,121.5,36.4,59,1,0,0,0,0,0,0,safe
2615,262,87,31.44,196,131.0,39.2,28,1,0,0,0,0,0,0,safe
3178,318,106,38.16,238,159.0,47.6,52,1,0,0,0,0,0,0,safe
2437,244,81,29.28,183,122.0,36.6,46,1,0,0,0,0,0,0,safe
2412,242,80,29.04,181,121.0,36.2,58,1,0,0,0,0,0,0,safe
1866,187,62,22.44,140,93.5,28.0,37,1,0,0,0,0,0,0,safe
4047,405,135,48.6,303,202.5,60.6,35,1,0,0,0,0,0,0,safe
1771,177,59,21.24,133,88.5,26.6,58,1,0,0,0,0,0,0,safe
1663,167,55,20.04,125,83.5,25.0,49,1,0,0,0,0,0,0,safe
1506,151,50,18.12,113,75.5,22.6,62,1,0,0,0,0,0,0,safe
1986,199,66,23.88,149,99.5,29.8,47,1,0,0,0,0,0,0,safe
2044,205,68,24.6,153,102.5,30.6,32,1,0,0,0,0,0,0,safe
2909,291,97,34.92,218,145.5,43.6,61,1,0,0,0,0,0,0,safe
1564,157,52,18.84,117,78.5,23.4,44,1,0,0,0,0,0,0,safe
3252,326,108,39.12,244,163.0,48.8,43,1,0,0,0,0,0,0,safe
3327,333,111,39.96,249,166.5,49.8,24,1,0,0,0,0,0,0,safe
2743,275,91,33.0,206,137.5,41.2,29,1,0,0,0,0,0,0,safe
1618,162,54,19.44,121,81.0,24.2,45,1,0,0,0,0,0,0,safe
3000,300,100,36.0,225,150.0,45.0,39,1,0,0,0,0,0,0,safe
1982,198,66,23.76,149,99.0,29.8,52,1,0,0,0,0,0,0,safe
3496,350,116,42.0,263,175.0,52.6,21,1,0,0,0,0,0,0,safe
3674,368,122,44.16,276,184.0,55.2,22,1,0,0,0,0,0,0,safe
2106,211,70,25.32,158,105.5,31.6,38,1,0,0,0,0,0,0,safe
2325,233,77,27.96,175,116.5,35.0,45,1,0,0,0,0,0,0,safe
1866,187,62,22.44,140,93.5,28.0,38,1,0,0,0,0,0,0,safe
1924,193,64,23.16,144,96.5,28.8,48,1,0,0,0,0,0,0,safe
2532,254,84,30.48,190,127.0,38.0,21,1,0,0,0,0,0,0,safe
3298,330,110,39.6,247,165.0,49.4,69,1,0,0,0,0,0,0,safe
2764,277,92,33.24,207,138.5,41.4,68,1,0,0,0,0,0,0,safe
3786,379,126,45.48,284,189.5,56.8,30,1,0,0,0,0,0,0,safe
2292,230,76,27.6,172,115.0,34.4,20,1,0,0,0,0,0,0,safe
2967,297,99,35.64,222,148.5,44.4,66,1,0,0,0,0,0,0,safe
2743,275,91,33.0,206,137.5,41.2,28,1,0,0,0,0,0,0,safe
1895,190,63,22.8,142,95.0,28.4,68,1,0,0,0,0,0,0,safe
2288,229,76,27.48,172,114.5,34.4,30,1,0,0,0,0,0,0,safe
2917,292,97,35.04,219,146.0,43.8,70,1,0,0,0,0,0,0,safe
2532,254,84,30.48,190,127.0,38.0,20,1,0,0,0,0,0,0,safe
2416,242,80,29.04,182,121.0,36.4,23,1,0,0,0,0,0,0,safe
2052,206,68,24.72,154,103.0,30.8,29,1,0,0,0,0,0,0,safe
1709,171,57,20.52,128,85.5,25.6,54,1,0,0,0,0,0,0,safe
1957,196,65,23.52,147,98.0,29.4,48,1,0,0,0,0,0,0,safe
2743,275,91,33.0,206,137.5,41.2,68,1,0,0,0,0,0,0,safe
3016,302,100,36.24,227,151.0,45.4,65,1,0,0,0,0,0,0,safe
1841,185,61,22.2,138,92.5,27.6,32,1,0,0,0,0,0,0,safe
2114,212,70,25.44,159,106.0,31.8,46,1,0,0,0,0,0,0,safe
2160,216,72,25.92,162,108.0,32.4,70,1,0,0,0,0,0,0,safe
2044,205,68,24.6,153,102.5,30.6,50,1,0,0,0,0,0,0,safe
2309,231,77,27.72,173,115.5,34.6,35,1,0,0,0,0,0,0,safe
1874,188,62,22.56,141,94.0,28.2,41,1,0,0,0,0,0,0,safe
1229,123,41,14.76,92,61.5,18.4,63,1,1,1,0,1,0,1,avoid
2648,265,88,31.8,199,132.5,39.8,51,1,0,0,0,0,0,0,safe
1721,173,57,20.76,129,86.5,25.8,32,1,0,0,0,0,0,0,safe
2346,235,78,28.2,176,117.5,35.2,52,1,0,0,0,0,0,0,safe
2623,263,87,31.56,197,131.5,39.4,40,1,0,0,0,0,0,0,safe
2023,203,67,24.36,152,101.5,30.4,21,1,0,0,0,0,0,0,safe
2056,206,68,24.72,155,103.0,31.0,19,1,0,0,0,0,0,0,safe
1994,200,66,24.0,150,100.0,30.0,45,1,0,0,0,0,0,0,safe
3364,337,112,40.44,252,168.5,50.4,21,1,0,0,0,0,0,0,safe
3368,337,112,40.44,253,168.5,50.6,59,1,0,0,0,0,0,0,safe
2594,260,86,31.2,195,130.0,39.0,28,1,0,0,0,0,0,0,safe
3372,338,112,40.56,253,169.0,50.6,50,1,0,0,0,0,0,0,safe
3186,319,106,38.28,239,159.5,47.8,22,1,0,0,0,0,0,0,safe
2714,272,90,32.64,204,136.0,40.8,30,1,0,0,0,0,0,0,safe
1245,125,41,15.0,94,62.5,18.8,32,1,1,1,0,1,0,1,avoid
1200,120,40,14.4,90,60.0,18.0,67,0,1,1,0,1,0,1,avoid
2834,284,94,34.08,213,142.0,42.6,51,1,0,0,0,0,0,0,safe
1837,184,61,22.08,138,92.0,27.6,43,1,0,0,0,0,0,0,safe
2549,255,85,30.6,191,127.5,38.2,67,1,0,0,0,0,0,0,safe
1680,168,56,20.16,126,84.0,25.2,25,1,0,0,0,0,0,0,safe
3509,351,117,42.12,263,175.5,52.6,21,1,0,0,0,0,0,0,safe
1767,177,59,21.24,132,88.5,26.4,50,1,0,0,0,0,0,0,safe
1258,126,42,15.12,94,63.0,18.8,53,1,1,1,0,1,0,1,avoid
2102,210,70,25.2,158,105.0,31.6,38,1,0,0,0,0,0,0,safe
2549,255,85,30.6,191,127.5,38.2,57,1,0,0,0,0,0,0,safe
3314,332,110,39.84,249,166.0,49.8,40,1,0,0,0,0,0,0,safe
1862,186,62,22.32,140,93.0,28.0,54,1,0,0,0,0,0,0,safe
